evaluation,split,model,slice_dimension,slice_value,sample_count,mae,rmse,r2,median_absolute_error,p90_absolute_error,mean_error,median_error,median_absolute_percentage_error_pct
random_split,frozen_test,xgboost,area_bucket,120_to_lt_144,9288,36.741787,62.474799,0.710420,21.928761,80.248779,0.236862,7.080532,17.923654
random_split,frozen_test,xgboost,area_bucket,144_plus,5251,76.136999,159.902678,0.704770,39.458794,165.607452,-1.599732,13.456806,22.266306
random_split,frozen_test,xgboost,area_bucket,60_to_lt_90,9837,26.692829,48.221028,0.769171,14.793047,59.373627,0.110178,3.929333,18.105033
random_split,frozen_test,xgboost,area_bucket,90_to_lt_120,12826,28.477958,53.511753,0.717937,16.876400,61.346542,-0.456465,4.374036,16.954836
random_split,frozen_test,xgboost,area_bucket,lt_60,2902,25.182132,45.309286,0.760466,13.119659,59.267273,1.460607,3.442497,24.063311
random_split,frozen_test,xgboost,asking_total_price_bucket,100_to_lt_200,14288,28.695821,42.735141,-1.472740,20.717281,60.156052,5.150252,-0.316631,15.410292
random_split,frozen_test,xgboost,asking_total_price_bucket,200_to_lt_300,3887,57.185454,75.482949,-6.294795,48.277771,111.226715,-16.840872,-28.494644,20.629444
random_split,frozen_test,xgboost,asking_total_price_bucket,300_to_lt_500,2183,101.577585,125.268740,-4.052334,90.287445,193.798080,-45.767473,-65.362671,25.305624
random_split,frozen_test,xgboost,asking_total_price_bucket,500_plus,1044,245.279247,367.663253,0.283197,193.438583,472.081909,-161.252888,-158.703262,27.596367
random_split,frozen_test,xgboost,asking_total_price_bucket,lt_100,18702,17.744955,25.802881,-0.600345,12.839798,37.841545,13.549339,10.548405,19.916307
random_split,frozen_test,xgboost,city_id,三亚,243,45.771139,72.462351,0.831212,30.785530,109.814941,-1.758295,4.190353,13.757836
random_split,frozen_test,xgboost,city_id,上海,347,123.427906,171.876558,0.614912,84.198242,277.351807,-3.648564,5.056091,21.949783
random_split,frozen_test,xgboost,city_id,上饶,299,21.028777,31.110729,0.475489,14.576572,43.619553,5.170599,6.868942,14.841101
random_split,frozen_test,xgboost,city_id,东莞,272,65.586772,98.483624,0.701632,46.978096,136.959167,1.951263,4.912884,22.902117
random_split,frozen_test,xgboost,city_id,中山,375,31.186538,68.517530,0.587551,17.784554,56.169131,-8.169167,-0.401817,16.349297
random_split,frozen_test,xgboost,city_id,临沂,307,38.213761,69.273407,0.645841,26.368317,71.756012,-1.384241,11.818886,25.632731
random_split,frozen_test,xgboost,city_id,丹东,411,18.238919,25.504003,0.799785,13.348831,42.135460,4.387438,6.368582,20.933102
random_split,frozen_test,xgboost,city_id,丹阳,213,16.931749,27.972148,0.631379,12.128461,33.799068,6.351795,3.767825,12.224106
random_split,frozen_test,xgboost,city_id,乌鲁木齐,270,26.451965,42.219261,0.662531,14.569057,62.425659,6.362850,8.668629,18.669222
random_split,frozen_test,xgboost,city_id,九江,332,30.145997,42.785690,0.507141,24.310579,56.966484,-0.553515,9.070011,23.148966
random_split,frozen_test,xgboost,city_id,佛山,308,57.541843,134.183585,0.416220,35.454244,95.048599,-12.521452,7.347488,28.730109
random_split,frozen_test,xgboost,city_id,保定,321,17.986887,24.172624,0.655946,13.955658,35.508408,2.176108,5.804337,16.485224
random_split,frozen_test,xgboost,city_id,兰州,328,22.205467,32.140110,0.704933,14.601891,50.495193,-0.150946,1.994711,15.131105
random_split,frozen_test,xgboost,city_id,凉山,302,22.498995,36.365669,0.292481,15.783424,45.407043,-0.769683,-0.617991,16.942435
random_split,frozen_test,xgboost,city_id,包头,343,20.096382,31.915421,0.737124,14.338242,43.250107,4.353571,4.544651,18.105033
random_split,frozen_test,xgboost,city_id,北京,299,179.787390,255.075948,0.524908,139.550415,372.725861,24.301398,42.373627,29.452492
random_split,frozen_test,xgboost,city_id,北海,399,12.324641,16.015512,0.530306,9.794724,25.609520,3.467063,4.002306,19.952428
random_split,frozen_test,xgboost,city_id,南京,361,95.077192,125.742870,0.382735,69.521683,200.842957,-1.325514,23.970688,30.440778
random_split,frozen_test,xgboost,city_id,南充,276,15.368417,20.513777,0.425643,11.859447,35.141708,5.751727,6.009838,17.890131
random_split,frozen_test,xgboost,city_id,南宁,350,36.409619,53.269188,0.674119,27.190057,78.063156,-3.914186,8.136028,21.587837
random_split,frozen_test,xgboost,city_id,南昌,359,39.662782,56.761048,0.634057,29.217976,88.650803,-2.692460,9.782478,24.088467
random_split,frozen_test,xgboost,city_id,南通,329,51.374218,73.653310,0.500120,35.621506,112.301346,-6.765028,-2.087341,21.895464
random_split,frozen_test,xgboost,city_id,厦门,323,167.657278,242.180216,0.702212,124.678589,369.735107,-6.150246,0.823181,19.697567
random_split,frozen_test,xgboost,city_id,句容,363,18.949201,25.647909,0.504474,13.318962,40.203537,5.699915,5.723404,15.548050
random_split,frozen_test,xgboost,city_id,台州,252,70.813260,111.075067,0.638682,47.547287,140.909302,-9.402030,1.144218,21.313512
random_split,frozen_test,xgboost,city_id,合肥,336,51.802260,72.174158,0.483403,37.181999,114.423630,-8.449011,5.133881,25.885543
random_split,frozen_test,xgboost,city_id,吉安,334,17.468366,23.244044,0.413132,13.372288,36.889565,4.754966,6.263985,15.670107
random_split,frozen_test,xgboost,city_id,吉林,391,16.864857,25.682768,0.740147,11.302353,36.591217,2.756484,4.764884,16.546052
random_split,frozen_test,xgboost,city_id,周口,193,13.945982,18.082778,0.508655,10.927402,28.748164,5.361527,6.271538,16.326876
random_split,frozen_test,xgboost,city_id,呼和浩特,359,27.035005,45.392728,0.746503,16.710976,57.461945,-4.369868,-0.521240,17.308201
random_split,frozen_test,xgboost,city_id,咸阳,355,25.207479,38.879560,0.693931,17.796646,49.981766,-2.192199,3.189682,18.751734
random_split,frozen_test,xgboost,city_id,哈尔滨,411,20.791196,34.476195,0.635320,12.782405,43.328064,1.486244,4.460220,20.696517
random_split,frozen_test,xgboost,city_id,唐山,358,22.678768,36.515241,0.710354,15.333178,47.218544,0.648877,1.803448,18.878922
random_split,frozen_test,xgboost,city_id,嘉兴,329,42.661734,68.564790,0.719717,26.290512,96.777817,-6.151337,2.124733,16.592391
random_split,frozen_test,xgboost,city_id,大理,242,33.897890,67.226499,0.629942,23.178194,62.576050,-12.078444,-4.518257,20.183946
random_split,frozen_test,xgboost,city_id,大连,384,36.484713,52.327863,0.627723,25.318522,82.414612,-6.462293,2.938697,25.146639
random_split,frozen_test,xgboost,city_id,天津,360,60.609151,87.787551,0.486700,43.150719,128.735870,-5.394467,6.742970,29.404370
random_split,frozen_test,xgboost,city_id,太原,356,22.438250,31.862477,0.772399,17.337185,48.047043,3.547393,3.708374,17.293001
random_split,frozen_test,xgboost,city_id,威海,343,28.933544,46.924879,0.771251,19.103561,55.515549,-4.624876,1.193901,18.796922
random_split,frozen_test,xgboost,city_id,宁波,329,61.132733,95.956713,0.580883,41.002762,140.394363,-1.163103,3.375443,19.669845
random_split,frozen_test,xgboost,city_id,安庆,364,16.983105,21.996339,0.519900,14.725938,34.562508,3.944929,5.021988,16.878742
random_split,frozen_test,xgboost,city_id,宜宾,185,21.143670,33.618175,0.654644,15.083267,39.461482,3.823234,6.447754,17.042623
random_split,frozen_test,xgboost,city_id,宜昌,354,20.792564,28.314514,0.649197,16.001520,42.975555,3.703313,7.481728,18.782332
random_split,frozen_test,xgboost,city_id,宝鸡,316,10.721814,14.636395,0.570267,8.513437,21.373407,5.935398,5.388447,18.095975
random_split,frozen_test,xgboost,city_id,岳阳,248,15.309000,20.156156,0.558040,11.883228,31.548882,7.053826,6.939545,15.310095
random_split,frozen_test,xgboost,city_id,常州,394,48.677272,78.625522,0.645631,30.344850,112.931030,-3.536924,7.726700,17.408791
random_split,frozen_test,xgboost,city_id,常德,310,14.705702,21.210775,0.591392,10.807102,32.495697,6.795014,6.138466,12.139125
random_split,frozen_test,xgboost,city_id,常熟,202,38.300065,57.999098,0.598363,26.355198,87.764740,-14.260267,-1.283455,15.078481
random_split,frozen_test,xgboost,city_id,平顶山,122,16.611921,25.721082,0.634402,11.988053,34.453781,3.932734,6.147717,13.311698
random_split,frozen_test,xgboost,city_id,广元,104,20.385138,25.088945,0.405765,18.711937,39.091782,10.386357,10.776165,19.111985
random_split,frozen_test,xgboost,city_id,广州,331,157.421610,327.138211,0.367479,91.936920,322.541016,-21.423254,38.353973,42.348570
random_split,frozen_test,xgboost,city_id,廊坊,386,35.923113,57.905690,0.818272,23.676025,75.366425,-7.791528,-3.019993,18.228794
random_split,frozen_test,xgboost,city_id,开封,348,16.950963,27.565748,0.687064,11.339371,35.131676,2.393249,5.653707,14.488387
random_split,frozen_test,xgboost,city_id,张家口,335,16.867883,33.987181,0.716675,10.364555,31.241856,3.538510,3.908447,16.355220
random_split,frozen_test,xgboost,city_id,徐州,373,33.811392,58.727573,0.652806,20.318008,69.970261,-4.164951,2.694191,15.675880
random_split,frozen_test,xgboost,city_id,德阳,256,14.860538,22.210753,0.506448,11.025101,32.661415,5.905235,4.080203,15.190462
random_split,frozen_test,xgboost,city_id,惠州,105,37.596988,57.383132,0.750692,23.898216,74.935898,-4.839243,9.091011,21.552322
random_split,frozen_test,xgboost,city_id,成都,344,41.618263,57.135489,0.501608,31.794216,84.829193,-1.011284,6.554451,21.781342
random_split,frozen_test,xgboost,city_id,承德,140,25.795170,37.841829,0.544464,18.610161,56.137985,2.049184,8.158119,15.845828
random_split,frozen_test,xgboost,city_id,抚顺,140,13.948687,19.223083,0.559500,11.218269,25.701546,6.924161,6.398464,17.071199
random_split,frozen_test,xgboost,city_id,攀枝花,115,16.665584,21.040528,0.500074,14.927444,33.351501,6.929336,6.240894,19.284544
random_split,frozen_test,xgboost,city_id,新乡,333,18.149766,37.682300,0.323524,12.761574,33.662300,5.828619,5.134399,16.674841
random_split,frozen_test,xgboost,city_id,无锡,326,45.485659,76.415176,0.573548,27.401077,98.189087,-2.592409,7.239189,18.151137
random_split,frozen_test,xgboost,city_id,昆山,343,53.507612,84.605426,0.594163,35.376350,108.988983,-1.268160,6.557663,16.895833
random_split,frozen_test,xgboost,city_id,昆明,327,36.801941,62.390004,0.577956,20.891937,74.428528,-2.988272,6.008255,15.397557
random_split,frozen_test,xgboost,city_id,晋中,216,13.042908,19.944704,0.677758,9.658882,28.271881,6.047104,6.650088,12.403706
random_split,frozen_test,xgboost,city_id,杭州,141,100.959339,146.993489,0.359847,69.420929,232.350952,0.211676,12.863846,26.906381
random_split,frozen_test,xgboost,city_id,柳州,357,20.705078,35.840751,0.657357,13.390980,39.211502,2.279026,5.441788,14.878014
random_split,frozen_test,xgboost,city_id,株洲,276,13.423346,19.768372,0.659053,9.895784,27.973702,5.177822,4.675729,14.267571
random_split,frozen_test,xgboost,city_id,桂林,355,19.432366,27.359648,0.513647,13.741817,39.750725,5.753880,7.786514,23.707321
random_split,frozen_test,xgboost,city_id,武汉,354,45.406303,60.757341,0.618956,33.761467,94.279449,-4.110790,1.974957,21.596190
random_split,frozen_test,xgboost,city_id,汉中,390,15.640621,24.972374,0.713428,9.203975,34.564125,3.474985,3.194476,15.950543
random_split,frozen_test,xgboost,city_id,江门,247,21.903031,27.766779,0.688402,18.389275,43.609200,5.008748,6.753380,20.001392
random_split,frozen_test,xgboost,city_id,江阴,229,35.693896,53.141297,0.443722,23.901733,76.827959,0.167168,8.207214,17.581027
random_split,frozen_test,xgboost,city_id,沈阳,345,29.345872,45.234667,0.502343,18.782814,65.097794,2.024361,10.739349,24.348680
random_split,frozen_test,xgboost,city_id,泉州,322,58.927953,84.349498,0.557963,41.320473,129.916428,-1.373625,7.505913,23.053846
random_split,frozen_test,xgboost,city_id,泰安,199,33.691936,49.579719,0.523438,23.672050,65.926453,-3.592181,11.746432,23.543396
random_split,frozen_test,xgboost,city_id,洛阳,357,28.778217,48.012003,0.726049,18.618099,54.098038,-2.392308,7.916946,20.143618
random_split,frozen_test,xgboost,city_id,济南,413,52.336051,96.948937,0.550817,33.696503,108.169479,-4.668619,9.544380,22.023858
random_split,frozen_test,xgboost,city_id,济宁,286,24.099794,37.081647,0.706930,14.534428,57.790344,-4.100655,-0.326275,13.359690
random_split,frozen_test,xgboost,city_id,海口,234,39.908250,60.783689,0.681529,24.842758,88.564392,-3.590777,6.845924,13.466914
random_split,frozen_test,xgboost,city_id,海门,288,31.317809,52.131080,0.558873,22.766103,61.934293,-3.997511,-1.621855,13.769195
random_split,frozen_test,xgboost,city_id,淄博,382,22.471497,29.939657,0.682152,17.683922,49.027649,4.367625,7.366631,18.602230
random_split,frozen_test,xgboost,city_id,淮安,342,25.896565,38.575501,0.403376,18.179943,59.569775,-1.744286,6.068353,17.517953
random_split,frozen_test,xgboost,city_id,深圳,326,168.722732,345.341339,0.588113,103.517853,317.947327,-4.941307,35.300941,24.467069
random_split,frozen_test,xgboost,city_id,清远,317,20.801884,37.119204,0.754760,13.453171,41.322955,4.338606,6.904213,19.014231
random_split,frozen_test,xgboost,city_id,温州,263,70.165008,99.826070,0.556162,51.230927,145.496490,-8.843097,1.342239,21.489932
random_split,frozen_test,xgboost,city_id,湖州,342,24.031293,33.110887,0.706678,17.823845,53.164581,-2.740773,0.615215,14.020561
random_split,frozen_test,xgboost,city_id,湘西,119,16.472987,38.152439,-0.463456,10.336555,26.599315,9.631789,5.796302,18.964169
random_split,frozen_test,xgboost,city_id,湛江,371,26.092604,34.109603,0.642026,20.928467,56.702911,2.359265,3.094872,17.408035
random_split,frozen_test,xgboost,city_id,漳州,359,26.076757,38.152816,0.612177,18.819992,55.483890,-2.178555,0.575821,16.575294
random_split,frozen_test,xgboost,city_id,潍坊,396,16.429679,23.976029,0.716257,12.271278,30.723773,6.010375,7.648951,16.015478
random_split,frozen_test,xgboost,city_id,澄迈,199,13.180027,19.756833,0.870246,9.350616,26.630737,-4.350054,-3.035408,11.177899
random_split,frozen_test,xgboost,city_id,烟台,402,30.135561,45.836000,0.647905,21.909081,57.504044,-2.765672,5.736862,21.142414
random_split,frozen_test,xgboost,city_id,珠海,348,72.595796,105.467775,0.746067,50.131767,159.380188,-10.403980,3.360733,27.374171
random_split,frozen_test,xgboost,city_id,盐城,316,40.330306,59.100483,0.557167,26.654388,92.895279,-9.587078,3.628578,19.932601
random_split,frozen_test,xgboost,city_id,石家庄,363,36.499162,58.913094,0.756985,22.302986,70.708893,0.702343,2.589890,17.095180
random_split,frozen_test,xgboost,city_id,福州,348,73.879038,105.344914,0.683867,54.666725,158.964661,6.980768,14.978905,25.384659
random_split,frozen_test,xgboost,city_id,绍兴,268,45.027126,68.556128,0.703578,30.683615,90.401993,-8.392935,0.956979,17.001395
random_split,frozen_test,xgboost,city_id,绵阳,356,22.901318,37.989159,0.741177,14.893237,49.698898,4.185143,5.091045,16.476267
random_split,frozen_test,xgboost,city_id,芜湖,369,31.240002,41.401821,0.652783,23.341782,72.783371,-3.847274,-2.352486,18.272392
random_split,frozen_test,xgboost,city_id,苏州,336,54.001904,94.521922,0.473851,29.872868,124.347778,-12.860516,6.689896,18.065509
random_split,frozen_test,xgboost,city_id,菏泽,342,14.749169,19.975261,0.576973,11.193520,29.293411,6.427815,7.631889,15.678132
random_split,frozen_test,xgboost,city_id,衡阳,127,15.484614,21.302744,0.299274,11.256325,33.253532,7.302362,8.493762,18.046997
random_split,frozen_test,xgboost,city_id,衢州,295,45.389321,60.821744,0.675863,32.945679,100.006897,-4.594924,7.111023,17.413546
random_split,frozen_test,xgboost,city_id,襄阳,330,16.983177,21.658259,0.688100,14.041580,34.461823,5.564886,7.973871,15.558439
random_split,frozen_test,xgboost,city_id,西安,327,30.110528,44.879674,0.584273,19.552277,70.682358,2.220289,3.522018,16.790417
random_split,frozen_test,xgboost,city_id,许昌,334,16.663989,25.270071,0.563607,12.822495,36.121460,5.021498,4.528126,18.295218
random_split,frozen_test,xgboost,city_id,贵阳,361,30.482895,46.257794,0.576444,20.683830,67.019547,3.051520,8.185962,20.473162
random_split,frozen_test,xgboost,city_id,资阳,105,11.923691,14.977038,0.397417,9.923399,24.838542,6.887415,7.862811,15.774918
random_split,frozen_test,xgboost,city_id,赣州,361,37.102576,53.338831,0.519210,27.926270,68.963783,-2.289933,8.627869,24.224118
random_split,frozen_test,xgboost,city_id,赤峰,391,16.665857,40.006989,0.665088,9.713226,29.997633,0.674993,4.166916,12.826963
random_split,frozen_test,xgboost,city_id,达州,336,12.601142,16.924756,0.525227,10.000982,28.258865,4.554383,2.546741,14.646455
random_split,frozen_test,xgboost,city_id,运城,153,13.897624,19.661944,0.690920,11.301514,29.341576,6.159595,4.227588,14.388501
random_split,frozen_test,xgboost,city_id,遂宁,161,17.973164,25.670336,0.431269,13.891521,32.905507,1.705778,5.278881,17.997287
random_split,frozen_test,xgboost,city_id,邯郸,115,21.693169,35.999309,0.634218,14.366356,34.081421,-7.646351,-8.649078,12.498749
random_split,frozen_test,xgboost,city_id,郑州,359,34.846435,53.020501,0.611005,20.051697,81.599854,3.636815,7.810020,21.027749
random_split,frozen_test,xgboost,city_id,鄂州,302,13.838741,19.910890,0.748866,10.696902,26.054016,3.372030,2.072215,20.046591
random_split,frozen_test,xgboost,city_id,重庆,225,32.251093,47.036521,0.614359,21.077316,72.806686,-8.757398,-1.132858,18.973277
random_split,frozen_test,xgboost,city_id,金华,249,59.651290,83.223805,0.598807,47.034871,126.371399,-10.505588,7.921143,24.362220
random_split,frozen_test,xgboost,city_id,银川,382,20.266184,29.580384,0.694220,13.811686,43.950699,4.248621,6.682746,18.837132
random_split,frozen_test,xgboost,city_id,镇江,348,22.103304,32.872724,0.616539,16.026329,43.118759,7.817295,10.164165,17.103719
random_split,frozen_test,xgboost,city_id,长春,391,22.148313,36.825444,0.509045,14.342216,51.697220,4.552449,8.736816,18.725918
random_split,frozen_test,xgboost,city_id,长沙,337,27.622609,41.689103,0.601590,18.071030,58.800919,-4.910524,3.795792,18.985010
random_split,frozen_test,xgboost,city_id,阜阳,192,18.198606,23.921787,0.714546,15.620007,35.732315,6.150808,6.776424,16.324820
random_split,frozen_test,xgboost,city_id,防城港,335,10.005763,13.552609,0.537100,7.246674,22.088463,4.111749,3.048660,15.238410
random_split,frozen_test,xgboost,city_id,雅安,238,13.790182,20.558765,0.530729,9.543354,29.962517,4.262496,5.278448,13.302857
random_split,frozen_test,xgboost,city_id,青岛,361,62.288767,94.885159,0.336539,38.899895,143.443893,-9.803012,4.215668,28.054349
random_split,frozen_test,xgboost,city_id,马鞍山,359,24.662155,33.301983,0.687331,19.153717,49.401657,-9.090877,-7.493858,18.400274
random_split,frozen_test,xgboost,city_id,驻马店,298,15.558944,22.787756,0.686413,11.741369,31.718246,4.499019,5.888008,15.077162
random_split,frozen_test,xgboost,city_id,黄石,361,15.203561,25.446317,0.659129,11.866364,28.736946,4.121082,6.619553,18.906167
random_split,frozen_test,xgboost,city_sample_size_tier,1000_to_lt_1500_train_rows,10194,36.040698,84.107159,0.748688,18.705009,79.686447,-0.936494,5.428271,18.080371
random_split,frozen_test,xgboost,city_sample_size_tier,1500_plus_train_rows,26610,37.302168,76.849757,0.749207,19.395229,82.389160,-0.087945,5.052773,18.867149
random_split,frozen_test,xgboost,city_sample_size_tier,lt_1000_train_rows,3300,24.835673,45.409332,0.705349,14.938374,48.985580,1.561971,4.964554,16.662866
random_split,frozen_test,xgboost,rooms,1,1855,24.743667,45.715830,0.738223,12.743526,57.440208,2.800690,3.048374,23.692375
random_split,frozen_test,xgboost,rooms,2,10836,24.717415,44.907727,0.792699,13.507175,54.294586,-0.758388,2.860369,17.652347
random_split,frozen_test,xgboost,rooms,3,20562,32.895339,60.708210,0.725092,19.236314,71.407974,-0.266382,5.784654,17.730279
random_split,frozen_test,xgboost,rooms,4,5417,56.223813,112.611690,0.723447,31.575266,125.257996,0.837379,11.295929,20.453044
random_split,frozen_test,xgboost,rooms,5,1099,90.957077,164.571266,0.691098,49.686623,208.804199,4.643469,15.718414,23.613773
random_split,frozen_test,xgboost,rooms,6,256,120.740782,212.256293,0.706321,68.506416,272.980896,-0.461944,18.723778,26.422285
unseen_city_stress,unseen_city_test,xgboost,area_bucket,120_to_lt_144,9912,79.656865,145.093276,-0.009640,46.609421,175.596458,-36.115542,9.157114,40.508116
unseen_city_stress,unseen_city_test,xgboost,area_bucket,144_plus,6064,202.456257,430.137344,0.054226,75.267387,513.767761,-142.570435,-8.117119,44.755141
unseen_city_stress,unseen_city_test,xgboost,area_bucket,60_to_lt_90,8863,54.489220,95.450530,-0.026497,32.386150,115.931007,-22.225043,10.996888,47.958608
unseen_city_stress,unseen_city_test,xgboost,area_bucket,90_to_lt_120,12540,61.540288,112.099643,-0.026787,35.961067,139.628632,-28.890018,6.261410,39.996058
unseen_city_stress,unseen_city_test,xgboost,area_bucket,lt_60,2588,40.867535,77.702064,-0.019711,22.010696,88.276684,-17.274643,9.588138,56.847554
unseen_city_stress,unseen_city_test,xgboost,asking_total_price_bucket,100_to_lt_200,11968,40.199099,51.232319,-2.378419,34.288948,81.570312,-17.479647,-18.890469,25.034999
unseen_city_stress,unseen_city_test,xgboost,asking_total_price_bucket,200_to_lt_300,4179,109.992534,119.682129,-16.440587,111.176004,170.021309,-104.072692,-110.307030,47.184329
unseen_city_stress,unseen_city_test,xgboost,asking_total_price_bucket,300_to_lt_500,2577,226.120434,239.353097,-17.501763,220.229172,329.569672,-221.404000,-219.752075,61.098088
unseen_city_stress,unseen_city_test,xgboost,asking_total_price_bucket,500_plus,1691,714.393780,881.840382,-1.414037,563.850197,1227.933624,-713.195110,-563.850197,79.507427
unseen_city_stress,unseen_city_test,xgboost,asking_total_price_bucket,lt_100,19552,33.048183,39.607602,-2.480404,30.492490,59.929218,30.390482,29.904739,51.769939
unseen_city_stress,unseen_city_test,xgboost,city_id,东莞,1868,140.264786,198.773032,-0.007938,109.294334,272.992096,-137.638167,-108.890783,52.054738
unseen_city_stress,unseen_city_test,xgboost,city_id,丹东,2533,28.810543,36.862566,0.487501,25.266675,53.036133,23.169720,24.279533,45.216975
unseen_city_stress,unseen_city_test,xgboost,city_id,北海,2751,42.750353,50.752983,-2.476065,40.067368,64.150380,42.072710,39.982140,84.677003
unseen_city_stress,unseen_city_test,xgboost,city_id,南宁,2423,36.826914,55.979957,0.544842,25.489723,75.906677,-10.956203,2.216125,21.905076
unseen_city_stress,unseen_city_test,xgboost,city_id,厦门,2298,536.222670,735.301286,-0.648400,387.306944,1098.322388,-536.221408,-387.306944,79.535355
unseen_city_stress,unseen_city_test,xgboost,city_id,威海,2426,31.326232,85.169128,0.472218,17.472633,63.038205,-8.968955,-1.440582,19.134146
unseen_city_stress,unseen_city_test,xgboost,city_id,常德,2144,48.377341,55.481405,-1.536136,43.985626,83.765991,46.950837,43.523198,53.348173
unseen_city_stress,unseen_city_test,xgboost,city_id,开封,2221,33.879634,42.610382,0.157834,30.164185,56.573883,29.867851,29.209282,41.215865
unseen_city_stress,unseen_city_test,xgboost,city_id,张家口,2311,29.092429,40.208482,0.564798,23.485363,52.938408,23.288842,22.120834,32.234955
unseen_city_stress,unseen_city_test,xgboost,city_id,江阴,1519,47.653029,68.678026,0.290126,35.008774,103.487770,-38.053303,-30.992577,25.680325
unseen_city_stress,unseen_city_test,xgboost,city_id,海口,1536,95.184999,129.154599,-0.091691,75.278713,179.955719,-93.943731,-75.011299,42.410197
unseen_city_stress,unseen_city_test,xgboost,city_id,淄博,2369,25.656742,38.761539,0.691375,20.989075,49.799011,7.047904,11.842247,21.268191
unseen_city_stress,unseen_city_test,xgboost,city_id,淮安,2379,26.432965,43.331824,0.261579,14.706253,68.668045,-13.272667,-3.254128,14.157368
unseen_city_stress,unseen_city_test,xgboost,city_id,福州,2256,146.527245,207.235752,-0.064242,104.034325,313.710510,-136.760101,-103.837717,52.063609
unseen_city_stress,unseen_city_test,xgboost,city_id,绍兴,1949,90.677691,115.909867,-0.193309,77.124016,169.194092,-88.314486,-76.367950,43.284188
unseen_city_stress,unseen_city_test,xgboost,city_id,衢州,2057,101.446604,141.722801,-0.219927,70.895134,213.480179,-100.035342,-70.815414,41.819033
unseen_city_stress,unseen_city_test,xgboost,city_id,资阳,657,36.793487,40.823399,-3.048820,35.304256,55.362885,36.453419,35.304256,55.292744
unseen_city_stress,unseen_city_test,xgboost,city_id,防城港,2282,52.263313,57.599106,-6.871980,49.171343,79.137512,52.237172,49.171343,96.788282
unseen_city_stress,unseen_city_test,xgboost,city_id,驻马店,1988,40.111087,46.825566,-0.348427,37.491484,64.646738,38.310072,37.106552,52.064419
unseen_city_stress,unseen_city_test,xgboost,city_sample_size_tier,unseen_in_training,39967,84.511520,199.115701,0.175891,39.334872,175.942421,-45.700016,7.844116,43.556035
unseen_city_stress,unseen_city_test,xgboost,rooms,1,1988,31.405940,56.878479,0.113615,20.824887,49.601730,-4.131533,12.844154,54.283325
unseen_city_stress,unseen_city_test,xgboost,rooms,2,9446,45.715412,81.925732,-0.016556,27.772034,91.549362,-14.715280,11.696348,43.481142
unseen_city_stress,unseen_city_test,xgboost,rooms,3,20146,69.734624,128.816636,0.008500,41.346292,148.633972,-31.154769,8.067535,42.102997
unseen_city_stress,unseen_city_test,xgboost,rooms,4,6477,139.438433,269.449809,0.003369,65.450348,299.534698,-91.675348,-9.134201,44.806349
unseen_city_stress,unseen_city_test,xgboost,rooms,5,1488,262.085721,520.543830,-0.004370,98.037590,676.754227,-203.781092,-40.584381,46.300867
unseen_city_stress,unseen_city_test,xgboost,rooms,6,298,366.687231,654.190012,-0.091775,155.011932,1118.478973,-296.153246,-101.090385,49.593046
