c_area,decoration,greenland,open_date,has_short_video,gdp,metro,urban_district_population,urban_population,min_frame_area,bus,c_water_resources,is_cooperation,latitude,green_space_and_square,shopping,near_main_road,max_frame_rooms,big_block,region,longitude,urban_district_temporary_population,max_frame_area,biz,reference_unit_price
206.53,1,0,583,0,3725.0,0,289.7,145.6,85,0,262800,2,39.53,38.83,0,1,4,0,1,116.04,43.5,128,1,9000
206.53,0,0,465,0,3725.0,0,289.7,145.6,81,0,262800,2,39.47,38.83,0,0,3,0,1,116.06,43.5,119,1,8500
206.53,1,0,870,0,3725.0,0,289.7,145.6,80,0,262800,2,39.48,38.83,0,0,3,0,1,116.0,43.5,121,1,7900
206.53,1,0,899,0,3725.0,0,289.7,145.6,87,0,262800,2,39.48,38.83,1,0,4,0,1,116.04,43.5,145,1,8500
206.53,1,0,1344,0,3725.0,0,289.7,145.6,101,0,262800,0,39.58,38.83,1,0,3,0,1,116.02,43.5,125,1,12000
51.0,1,0,1144,0,982.7,0,51.7,32.72,95,0,564990,2,40.75,1.24,0,1,3,0,3,107.38,8.2,141,0,6200
51.0,1,0,658,0,982.7,0,51.7,32.72,98,0,564990,2,40.75,1.24,0,1,3,0,3,107.38,8.2,139,0,6200
51.0,1,0,1144,0,982.7,0,51.7,32.72,110,0,564990,2,40.79,1.24,0,1,3,0,3,107.39,8.2,142,1,4500
51.0,1,0,1693,0,982.7,0,51.7,32.72,82,0,564990,2,40.8,1.24,0,1,4,0,3,107.36,8.2,140,0,4300
51.0,1,0,1144,0,982.7,0,51.7,32.72,63,0,564990,2,40.77,1.24,0,0,3,0,3,107.39,8.2,124,1,5200
85.98,0,0,1236,1,1504.43,0,71.8,40.29,56,1,192000,0,21.54,7.95,0,0,4,0,5,109.18,30.5,117,1,4999
85.98,0,0,1509,1,1504.43,0,71.8,40.29,81,1,192000,2,21.49,7.95,0,1,4,0,5,109.18,30.5,128,1,4796
85.98,0,0,615,1,1504.43,0,71.8,40.29,81,0,192000,2,21.46,7.95,0,0,5,0,5,109.1,30.5,128,1,5600
85.98,1,0,1516,1,1504.43,0,71.8,40.29,80,0,192000,0,21.46,7.95,0,1,5,0,5,109.13,30.5,312,1,5200
85.98,1,0,779,1,1504.43,0,71.8,40.29,89,0,192000,2,21.47,7.95,1,0,3,0,5,109.1,30.5,133,1,5300
85.98,0,0,1533,1,1504.43,0,71.8,40.29,40,1,192000,2,21.45,7.95,0,1,3,0,5,109.1,30.5,76,1,8200
85.98,0,0,1423,1,1504.43,0,71.8,40.29,50,1,192000,0,21.43,7.95,1,1,3,0,5,109.17,30.5,100,1,10000
85.98,0,0,1449,0,1504.43,0,71.8,40.29,79,1,192000,2,21.5,7.95,1,0,3,0,5,109.15,30.5,121,1,11000
85.98,1,0,1480,1,1504.43,0,71.8,40.29,55,0,192000,0,21.45,7.95,0,1,3,0,5,109.1,30.5,139,1,5300
149.05,1,0,1672,1,40269.55,0,2188.6,1916.1,220,0,257600,2,40.12,116.24,0,0,3,0,1,117.21,841.8,260,0,16000
149.05,1,0,1663,1,40269.55,1,2188.6,1916.1,185,0,257600,2,39.73,116.24,0,0,4,0,1,116.16,841.8,199,0,58000
149.05,0,0,2492,0,40269.55,0,2188.6,1916.1,107,0,257600,2,40.22,116.24,0,0,5,0,1,116.51,841.8,360,0,27000
149.05,0,0,1266,1,40269.55,0,2188.6,1916.1,100,1,257600,2,39.96,116.24,0,0,4,0,1,116.66,841.8,166,0,49000
149.05,0,0,1834,1,40269.55,0,2188.6,1916.1,166,0,257600,2,39.73,116.24,1,0,4,0,1,116.2,841.8,228,0,50000
149.05,0,0,1754,0,40269.55,0,2188.6,1916.1,45,1,257600,2,39.78,116.24,0,0,3,0,1,116.36,841.8,95,0,27000
149.05,1,0,2394,1,40269.55,0,2188.6,1916.1,300,0,257600,2,40.19,116.24,0,1,5,0,1,116.39,841.8,536,0,40000
149.05,1,0,1428,1,40269.55,0,2188.6,1916.1,115,0,257600,2,39.77,116.24,0,0,5,0,1,116.17,841.8,293,0,38000
149.05,1,0,1869,1,40269.55,0,2188.6,1916.1,208,1,257600,2,39.88,116.24,0,0,4,0,1,116.06,841.8,320,0,45000
149.05,1,0,2058,1,40269.55,1,2188.6,1916.1,290,1,257600,2,39.74,116.24,0,0,5,0,1,116.17,841.8,330,0,40000
562.42,1,0,1370,1,7103.1,0,447.4,364.67,82,1,514593,0,44.01,133.47,1,1,3,0,0,125.25,125.8,119,0,8500
562.42,1,0,1467,0,7103.1,0,447.4,364.67,78,0,514593,0,44.08,133.47,1,0,3,0,0,125.18,125.8,139,0,5100
562.42,1,0,1002,1,7103.1,0,447.4,364.67,83,1,514593,0,44.02,133.47,0,1,2,0,0,125.27,125.8,83,0,7300
562.42,1,0,1611,0,7103.1,0,447.4,364.67,118,0,514593,0,43.78,133.47,1,0,3,0,0,125.43,125.8,156,1,12500
562.42,1,0,992,1,7103.1,0,447.4,364.67,70,1,514593,2,43.93,133.47,0,1,4,0,0,125.39,125.8,154,0,8000
562.42,0,0,960,1,7103.1,1,447.4,364.67,88,0,514593,2,43.91,133.47,0,0,3,0,0,125.36,125.8,128,0,12000
562.42,1,0,1554,0,7103.1,0,447.4,364.67,345,0,514593,0,43.77,133.47,1,1,5,0,0,125.41,125.8,370,1,16000
562.42,0,0,1451,1,7103.1,0,447.4,364.67,108,1,514593,0,43.98,133.47,1,1,3,0,0,125.4,125.8,147,0,10500
562.42,0,0,863,1,7103.1,0,447.4,364.67,115,0,514593,2,43.83,133.47,1,1,4,0,0,125.39,125.8,149,1,12000
110.59,1,0,1728,0,3362.1,0,78.0,64.62,94,1,628600,0,32.18,30.87,1,1,4,0,2,118.5,20.6,124,1,7800
110.59,1,0,1684,0,3362.1,0,78.0,64.62,112,0,628600,0,32.19,30.87,1,1,4,0,2,118.46,20.6,145,1,5800
110.59,1,0,1014,0,3362.1,0,78.0,64.62,98,0,628600,0,32.19,30.87,1,1,5,0,2,118.42,20.6,196,1,6000
110.59,1,0,1914,0,3362.1,0,78.0,64.62,89,0,628600,0,32.25,30.87,1,1,3,0,2,118.58,20.6,106,1,9700
110.59,1,0,1768,0,3362.1,0,78.0,64.62,117,0,628600,0,32.25,30.87,1,1,4,0,2,118.59,20.6,133,1,6900
110.59,0,0,1754,0,3362.1,0,78.0,64.62,78,0,628600,0,32.24,30.87,1,1,3,0,2,118.6,20.6,106,1,11000
437.9,1,0,2029,0,13270.7,0,509.7,509.69,41,1,1232000,0,28.19,23.18,0,0,1,0,6,113.08,143.7,120,0,17000
437.9,1,0,1715,1,13270.7,1,509.7,509.69,36,0,1232000,2,28.15,23.18,0,0,1,0,6,113.01,143.7,51,0,7000
437.9,1,0,1699,1,13270.7,0,509.7,509.69,88,0,1232000,0,28.31,23.18,1,0,4,0,6,112.89,143.7,127,0,6200
437.9,1,0,4116,0,13270.7,0,509.7,509.69,78,1,1232000,2,28.24,23.18,1,0,4,0,6,113.03,143.7,139,0,9800
437.9,1,0,952,1,13270.7,1,509.7,509.69,87,1,1232000,0,28.23,23.18,0,0,3,0,6,113.0,143.7,114,0,12000
1645.38,1,0,658,1,27894.02,0,2649.8,1322.63,79,1,7668559,2,29.43,321.39,0,0,5,0,4,106.45,429.5,149,0,13000
1645.38,1,0,870,1,27894.02,0,2649.8,1322.63,251,1,7668559,2,29.71,321.39,0,0,5,0,4,106.83,429.5,286,0,10000
1645.38,1,0,841,1,27894.02,1,2649.8,1322.63,230,0,7668559,0,29.67,321.39,0,0,5,0,4,106.54,429.5,230,0,27000
1645.38,1,0,204,0,27894.02,0,2649.8,1322.63,95,0,7668559,2,29.71,321.39,0,1,4,0,4,106.81,429.5,140,0,10000
1645.38,1,0,354,1,27894.02,0,2649.8,1322.63,81,1,7668559,2,29.71,321.39,1,0,4,0,4,106.83,429.5,223,0,12000
1645.38,1,0,747,1,27894.02,0,2649.8,1322.63,227,0,7668559,2,29.71,321.39,1,0,9,0,4,106.47,429.5,897,0,13000
1645.38,1,0,763,1,27894.02,0,2649.8,1322.63,86,1,7668559,0,29.69,321.39,1,0,4,0,4,106.79,429.5,138,0,14000
1645.38,1,0,832,0,27894.02,0,2649.8,1322.63,121,1,7668559,0,29.69,321.39,1,0,4,0,4,106.79,429.5,137,0,15000
1645.38,1,0,2698,0,27894.02,1,2649.8,1322.63,275,1,7668559,0,29.55,321.39,1,0,5,0,4,106.6,429.5,876,0,56000
1055.79,0,1,235,0,19916.98,0,1127.0,931.29,90,0,1222300,2,30.48,159.0,0,0,4,0,4,104.05,289.8,162,0,27000
1055.79,0,0,44975,0,19916.98,0,1127.0,931.29,114,0,1222300,2,30.73,159.0,0,0,4,0,4,103.99,289.8,132,0,24500
1055.79,1,0,558,1,19916.98,0,1127.0,931.29,41,0,1222300,2,30.81,159.0,0,0,2,0,4,104.09,289.8,51,0,6100
1055.79,0,1,44975,0,19916.98,0,1127.0,931.29,89,0,1222300,2,30.71,159.0,0,0,4,0,4,104.13,289.8,126,0,22800
1055.79,1,0,178,0,19916.98,0,1127.0,931.29,89,0,1222300,2,30.39,159.0,0,0,4,1,4,104.09,289.8,161,0,21000
444.04,0,0,610,0,7825.95,0,414.2,353.77,90,0,579600,2,39.01,129.88,0,1,3,0,0,121.53,25.0,138,0,18500
444.04,0,0,512,1,7825.95,0,414.2,353.77,83,0,579600,2,38.87,129.88,0,1,3,0,0,121.53,25.0,122,1,30000
444.04,0,0,535,0,7825.95,0,414.2,353.77,83,1,579600,2,39.11,129.88,0,1,4,0,0,121.71,25.0,125,0,12000
444.04,0,0,560,0,7825.95,0,414.2,353.77,80,0,579600,2,38.99,129.88,0,1,4,0,0,121.47,25.0,129,0,16500
444.04,1,0,1645,1,7825.95,0,414.2,353.77,63,1,579600,0,39.02,129.88,1,0,2,0,0,121.82,25.0,85,0,10500
444.04,0,0,1053,1,7825.95,1,414.2,353.77,54,1,579600,2,39.06,129.88,1,0,2,0,0,121.87,25.0,96,0,12500
444.04,1,0,627,1,7825.95,0,414.2,353.77,47,0,579600,2,38.83,129.88,0,0,2,0,0,121.19,25.0,96,0,6000
444.04,1,0,1329,0,7825.95,0,414.2,353.77,81,0,579600,2,38.8,129.88,1,0,4,0,0,121.23,25.0,133,0,4700
444.04,1,0,1236,1,7825.95,0,414.2,353.77,96,1,579600,2,38.92,129.88,0,0,3,0,0,121.49,25.0,162,0,33000
1194.31,0,1,566,1,10855.35,0,278.6,278.61,83,0,200195,0,22.94,422.53,0,0,4,1,5,113.72,651.1,130,1,23000
1194.31,1,1,179,0,10855.35,0,278.6,278.61,97,0,200195,2,22.95,422.53,0,0,4,0,5,114.0,651.1,142,1,22000
1194.31,0,0,2457,1,10855.35,1,278.6,278.61,75,1,200195,0,22.96,422.53,1,0,3,0,5,113.9,651.1,117,0,18800
1194.31,1,0,792,1,10855.35,0,278.6,278.61,80,1,200195,0,23.12,422.53,0,0,5,0,5,113.88,651.1,247,1,16800
1194.31,0,0,556,1,10855.35,0,278.6,278.61,101,0,200195,0,22.83,422.53,1,0,4,0,5,113.62,651.1,140,1,27500
1194.31,1,0,492,1,10855.35,0,278.6,278.61,86,1,200195,0,22.98,422.53,1,0,3,0,5,114.08,651.1,124,1,17000
1194.31,1,0,802,1,10855.35,0,278.6,278.61,65,0,200195,2,23.12,422.53,0,1,3,0,5,113.9,651.1,120,1,20000
36.32,0,0,1860,0,395.33,0,97.6,19.38,62,0,145900,0,19.68,2.35,1,1,3,0,5,109.22,19.4,122,0,16000
36.32,1,0,1977,0,395.33,0,97.6,19.38,98,0,145900,0,19.55,2.35,0,1,4,0,5,109.6,19.4,140,0,9000
36.32,1,0,1259,0,395.33,0,97.6,19.38,70,0,145900,0,19.52,2.35,0,1,2,0,5,109.56,19.4,79,0,9300
36.32,0,0,2135,0,395.33,0,97.6,19.38,45,0,145900,0,19.7,2.35,1,1,2,0,5,109.23,19.4,105,0,15800
36.32,0,0,1568,0,395.33,0,97.6,19.38,102,0,145900,0,19.54,2.35,0,1,4,0,5,109.6,19.4,142,0,9650
36.32,1,0,1894,0,395.33,0,97.6,19.38,110,0,145900,0,19.53,2.35,0,1,3,0,5,109.6,19.4,110,0,11000
36.32,1,0,1939,0,395.33,0,97.6,19.38,89,0,145900,0,19.54,2.35,0,1,4,0,5,109.61,19.4,171,0,9000
36.32,1,0,1205,0,395.33,0,97.6,19.38,98,0,145900,0,19.55,2.35,0,1,4,0,5,109.59,19.4,128,0,10000
98.53,1,0,798,0,2656.56,0,95.6,54.65,90,1,504200,0,31.01,25.41,1,0,4,0,4,104.28,22.2,143,1,7000
98.53,1,0,870,0,2656.56,0,95.6,54.65,89,0,504200,0,31.0,25.41,1,0,4,0,4,104.26,22.2,138,1,6500
98.53,1,0,1389,0,2656.56,0,95.6,54.65,100,1,504200,0,30.95,25.41,1,0,3,0,4,104.29,22.2,145,1,6300
98.53,1,0,597,0,2656.56,0,95.6,54.65,78,1,504200,0,31.0,25.41,0,1,3,0,4,104.3,22.2,123,1,4500
98.53,1,0,1023,0,2656.56,0,95.6,54.65,110,0,504200,0,31.11,25.41,0,1,4,0,4,104.4,22.2,198,0,10500
98.53,1,0,788,1,2656.56,0,95.6,54.65,93,0,504200,0,31.01,25.41,1,0,4,0,4,104.29,22.2,124,1,5600
144.34,1,0,663,0,2351.7,0,173.3,110.24,75,0,982600,2,31.17,6.58,0,1,4,0,4,107.51,34.0,106,0,6200
144.34,1,0,273,0,2351.7,0,173.3,110.24,84,0,982600,2,31.21,6.58,0,0,4,0,4,107.45,34.0,93,0,4988
144.34,1,0,1515,0,2351.7,0,173.3,110.24,103,0,982600,0,31.22,6.58,0,1,4,0,4,107.49,34.0,195,0,8500
144.34,1,0,1481,0,2351.7,0,173.3,110.24,69,0,982600,2,31.18,6.58,0,1,3,0,4,107.51,34.0,87,0,4800
144.34,1,0,1714,0,2351.7,0,173.3,110.24,157,1,982600,0,31.23,6.58,1,0,4,0,4,107.47,34.0,157,0,13000
144.34,1,0,1469,0,2351.7,0,173.3,110.24,91,0,982600,0,31.2,6.58,0,1,3,0,4,107.43,34.0,112,0,4500
144.34,1,0,1274,0,2351.7,0,173.3,110.24,84,1,982600,2,31.18,6.58,0,0,4,0,4,107.52,34.0,118,0,7300
144.34,1,0,1383,0,2351.7,0,173.3,110.24,19,1,982600,2,31.22,6.58,1,0,1,0,4,107.46,34.0,19,0,20000
54.85,1,0,317,0,1632.99,0,65.3,34.73,106,0,119980,2,25.63,4.98,0,0,4,1,4,100.29,11.9,147,0,7500
54.85,0,0,753,0,1632.99,0,65.3,34.73,51,1,119980,2,25.65,4.98,1,0,4,0,4,100.3,11.9,156,0,15000
54.85,1,0,1344,0,1632.99,0,65.3,34.73,77,0,119980,0,25.61,4.98,1,1,4,0,4,100.22,11.9,146,0,14000
54.85,1,0,1988,0,1632.99,0,65.3,34.73,232,1,119980,2,25.65,4.98,1,1,6,0,4,100.29,11.9,256,0,13000
54.85,1,0,2289,0,1632.99,0,65.3,34.73,90,0,119980,2,25.64,4.98,1,1,5,0,4,100.29,11.9,249,0,10000
54.85,1,0,3792,0,1632.99,0,65.3,34.73,61,1,119980,2,25.68,4.98,1,1,8,0,4,100.17,11.9,475,0,20000
54.85,1,0,2088,0,1632.99,0,65.3,34.73,81,1,119980,0,25.64,4.98,1,0,5,0,4,100.29,11.9,205,0,9000
54.85,0,0,1952,0,1632.99,0,65.3,34.73,107,1,119980,0,25.64,4.98,1,1,3,0,4,100.28,11.9,145,0,14000
54.85,1,0,2805,0,1632.99,0,65.3,34.73,106,1,119980,0,25.66,4.98,1,1,3,0,4,100.18,11.9,106,0,18800
54.85,0,0,1875,0,1632.99,0,65.3,34.73,56,0,119980,0,25.72,4.98,0,0,5,0,4,100.13,11.9,238,0,35000
37.57,1,0,1209,0,1200.0,0,111.5,30.12,109,0,203497,0,30.36,3.9,0,1,4,0,6,114.9,3.4,131,0,6600
37.57,1,0,1625,0,1200.0,0,111.5,30.12,123,0,203497,0,30.38,3.9,1,0,3,0,6,114.92,3.4,123,0,6900
37.57,1,0,1374,0,1200.0,0,111.5,30.12,77,0,203497,0,30.41,3.9,0,0,3,0,6,114.66,3.4,129,0,5000
37.57,1,0,941,0,1200.0,0,111.5,30.12,92,0,203497,2,30.49,3.9,1,1,3,0,6,114.66,3.4,113,0,9900
37.57,0,0,1633,0,1200.0,0,111.5,30.12,94,1,203497,2,30.54,3.9,0,1,4,0,6,114.69,3.4,128,0,5800
37.57,1,0,1133,0,1200.0,0,111.5,30.12,112,1,203497,2,30.36,3.9,1,0,4,0,6,114.91,3.4,142,0,6500
37.57,1,0,1191,0,1200.0,0,111.5,30.12,103,0,203497,2,30.47,3.9,1,0,4,0,6,114.67,3.4,140,0,7000
37.57,1,0,1236,0,1200.0,0,111.5,30.12,82,0,203497,2,30.49,3.9,1,0,3,0,6,114.66,3.4,114,0,8300
37.57,1,0,1020,0,1200.0,0,111.5,30.12,94,1,203497,2,30.49,3.9,1,1,4,0,6,114.66,3.4,125,0,9500
163.82,0,0,616,1,12156.54,0,516.3,141.54,86,0,296300,2,23.19,44.05,0,1,4,0,5,113.2,305.3,117,0,26000
163.82,0,0,540,1,12156.54,1,516.3,141.54,85,0,296300,2,22.99,44.05,0,0,4,0,5,113.11,305.3,128,0,21500
163.82,0,1,568,0,12156.54,0,516.3,141.54,25,0,296300,2,22.98,44.05,0,0,3,0,5,113.25,305.3,125,0,25500
163.82,0,0,400,0,12156.54,0,516.3,141.54,76,0,296300,2,22.87,44.05,0,0,5,0,5,113.09,305.3,132,0,12800
163.82,0,0,175,0,12156.54,0,516.3,141.54,83,0,296300,2,22.9,44.05,0,0,5,0,5,113.22,305.3,116,0,15800
163.82,0,0,658,1,12156.54,0,516.3,141.54,82,1,296300,2,23.13,44.05,1,0,4,0,5,112.88,305.3,130,0,8300
163.82,0,0,992,1,12156.54,0,516.3,141.54,64,0,296300,2,23.09,44.05,1,1,4,0,5,113.01,305.3,145,0,16000
163.82,1,0,1526,1,12156.54,0,516.3,141.54,40,1,296300,0,22.97,44.05,1,0,4,0,5,113.25,305.3,225,0,22000
163.82,1,0,1479,1,12156.54,1,516.3,141.54,40,0,296300,0,22.97,44.05,0,0,4,0,5,113.14,305.3,171,0,21000
163.82,1,0,717,1,12156.54,0,516.3,141.54,101,1,296300,0,22.87,44.05,0,0,4,0,5,112.9,305.3,171,0,5800
51.21,1,0,1450,0,815.88,0,60.4,19.78,52,0,680000,0,21.67,9.05,1,0,3,0,5,108.38,8.3,92,1,6000
51.21,1,0,1509,1,815.88,0,60.4,19.78,65,0,680000,0,21.68,9.05,1,1,4,0,5,108.38,8.3,117,1,6500
51.21,0,0,1386,0,815.88,0,60.4,19.78,80,0,680000,0,21.68,9.05,1,1,4,0,5,108.37,8.3,133,1,8500
51.21,0,0,1230,0,815.88,0,60.4,19.78,27,0,680000,0,21.68,9.05,1,1,3,0,5,108.38,8.3,102,1,8000
51.21,1,0,1601,0,815.88,0,60.4,19.78,63,1,680000,0,21.67,9.05,1,1,3,0,5,108.37,8.3,98,1,6800
51.21,1,0,1217,0,815.88,0,60.4,19.78,89,0,680000,0,21.67,9.05,1,1,4,0,5,108.37,8.3,141,1,9000
51.21,1,0,1622,1,815.88,0,60.4,19.78,99,0,680000,0,21.71,9.05,1,1,3,0,5,108.43,8.3,107,1,5400
1350.4,1,0,443,0,28231.97,0,1011.5,739.09,78,0,736432,2,22.82,194.34,0,0,4,0,5,113.51,726.6,128,0,28000
1350.4,1,0,641,1,28231.97,0,1011.5,739.09,81,0,736432,2,23.29,194.34,0,1,4,0,5,113.6,726.6,122,0,25000
1350.4,0,0,190,1,28231.97,0,1011.5,739.09,85,0,736432,2,23.16,194.34,0,1,4,0,5,113.51,726.6,142,0,35200
1350.4,0,0,516,0,28231.97,0,1011.5,739.09,66,0,736432,2,23.23,194.34,0,0,3,0,5,113.61,726.6,106,0,14000
1350.4,0,0,792,1,28231.97,0,1011.5,739.09,86,0,736432,2,22.77,194.34,0,1,4,0,5,113.56,726.6,130,0,26000
1350.4,0,0,435,0,28231.97,0,1011.5,739.09,79,0,736432,2,22.76,194.34,0,0,3,0,5,113.52,726.6,110,0,33000
1350.4,0,0,1389,1,28231.97,1,1011.5,739.09,95,0,736432,0,22.75,194.34,0,0,3,0,5,113.6,726.6,121,0,25000
1350.4,0,0,1662,1,28231.97,0,1011.5,739.09,98,1,736432,0,23.31,194.34,0,1,4,0,5,113.33,726.6,138,0,27500
1350.4,0,0,843,1,28231.97,0,1011.5,739.09,90,1,736432,0,23.16,194.34,1,0,5,0,5,113.58,726.6,205,0,23000
134.67,1,0,996,1,2311.0,0,136.9,97.28,78,0,4260000,2,25.24,15.89,0,1,4,0,5,110.15,6.9,135,1,5300
134.67,1,0,1237,1,2311.0,0,136.9,97.28,89,0,4260000,2,25.34,15.89,0,1,5,0,5,110.3,6.9,166,1,5200
134.67,1,0,1266,0,2311.0,0,136.9,97.28,93,1,4260000,2,25.24,15.89,1,1,4,0,5,110.17,6.9,143,1,5700
134.67,1,0,1678,0,2311.0,0,136.9,97.28,74,0,4260000,2,25.25,15.89,0,1,4,0,5,110.19,6.9,135,1,5200
134.67,1,0,976,1,2311.0,0,136.9,97.28,89,0,4260000,2,25.23,15.89,0,0,4,0,5,110.32,6.9,143,1,7100
134.67,1,0,1645,0,2311.0,0,136.9,97.28,61,0,4260000,2,25.26,15.89,0,0,3,0,5,110.19,6.9,119,1,5900
134.67,1,0,1297,1,2311.0,0,136.9,97.28,71,1,4260000,2,25.26,15.89,1,0,5,0,5,110.18,6.9,245,1,6000
134.67,1,0,1631,0,2311.0,0,136.9,97.28,103,1,4260000,0,25.25,15.89,0,1,4,0,5,110.33,6.9,141,1,11800
134.67,1,0,1671,0,2311.0,0,136.9,97.28,84,0,4260000,0,25.23,15.89,1,1,5,0,5,110.18,6.9,175,1,6300
134.67,1,0,870,0,2311.0,0,136.9,97.28,89,1,4260000,2,25.26,15.89,0,1,5,0,5,110.19,6.9,181,1,5800
369.0,1,0,1662,0,4711.03,0,262.9,219.5,119,0,534000,0,26.64,49.01,1,0,3,0,4,106.83,88.1,136,0,9500
369.0,1,0,948,0,4711.03,0,262.9,219.5,125,1,534000,0,26.68,49.01,0,0,4,0,4,106.62,88.1,164,0,11000
369.0,0,0,1601,0,4711.03,1,262.9,219.5,81,1,534000,0,26.66,49.01,1,0,3,0,4,106.62,88.1,100,0,11500
369.0,1,0,1387,0,4711.03,1,262.9,219.5,99,0,534000,2,26.65,49.01,1,0,4,0,4,106.61,88.1,266,0,10000
369.0,1,0,2361,0,4711.03,0,262.9,219.5,93,1,534000,0,26.61,49.01,0,0,3,0,4,106.67,88.1,126,0,9500
369.0,1,0,931,0,4711.03,0,262.9,219.5,76,0,534000,0,26.61,49.01,0,1,3,0,4,106.62,88.1,127,0,12000
369.0,1,0,1617,0,4711.03,0,262.9,219.5,108,1,534000,2,26.63,49.01,1,0,4,0,4,106.6,88.1,140,0,8800
369.0,1,0,1662,0,4711.03,0,262.9,219.5,124,0,534000,0,26.55,49.01,0,0,3,0,4,106.77,88.1,126,0,11300
369.0,1,0,1601,0,4711.03,0,262.9,219.5,79,1,534000,2,26.42,49.01,1,0,5,0,4,106.66,88.1,202,0,7500
369.0,1,0,1478,0,4711.03,0,262.9,219.5,81,1,534000,0,26.54,49.01,0,0,3,0,4,106.7,88.1,124,0,7500
272.66,0,0,3878,1,3121.43,1,149.0,149.0,52,0,92932,0,40.84,19.34,1,0,4,0,1,111.78,66.0,306,0,14000
272.66,0,0,2953,0,3121.43,0,149.0,149.0,137,0,92932,0,40.78,19.34,1,0,3,0,1,111.74,66.0,137,0,12800
272.66,1,0,1540,1,3121.43,0,149.0,149.0,80,1,92932,2,40.55,19.34,0,0,3,0,1,111.84,66.0,115,1,8700
272.66,1,0,3022,0,3121.43,1,149.0,149.0,96,1,92932,0,40.83,19.34,1,0,3,0,1,111.74,66.0,139,0,13000
272.66,1,0,3136,0,3121.43,0,149.0,149.0,120,0,92932,0,40.87,19.34,1,1,5,0,1,111.71,66.0,252,0,11500
272.66,1,0,4645,0,3121.43,0,149.0,149.0,356,1,92932,0,40.81,19.34,1,0,7,0,1,111.77,66.0,792,0,29000
801.63,0,1,116,0,18109.42,0,769.5,522.83,100,0,2188886,2,30.4,169.48,0,0,4,1,2,120.27,567.2,139,0,24000
801.63,0,1,110,0,18109.42,0,769.5,522.83,107,0,2188886,2,30.38,169.48,0,0,4,0,2,120.15,567.2,139,0,29500
801.63,0,1,116,0,18109.42,0,769.5,522.83,99,0,2188886,2,30.38,169.48,0,0,4,0,2,120.16,567.2,139,0,23600
801.63,0,0,175,0,18109.42,0,769.5,522.83,89,0,2188886,2,30.19,169.48,0,0,4,0,2,120.31,567.2,123,0,32000
801.63,0,0,106,0,18109.42,0,769.5,522.83,89,0,2188886,2,29.95,169.48,0,1,4,0,2,120.18,567.2,116,0,13000
801.63,0,0,1205,1,18109.42,0,769.5,522.83,42,1,2188886,1,30.33,169.48,0,1,2,0,2,120.11,567.2,64,0,24000
801.63,0,0,931,1,18109.42,0,769.5,522.83,45,0,2188886,2,30.35,169.48,1,0,4,0,2,120.22,567.2,73,0,31000
801.63,0,0,1510,1,18109.42,1,769.5,522.83,255,1,2188886,0,30.23,169.48,0,0,6,0,2,120.19,567.2,515,0,80000
801.63,0,0,1361,1,18109.42,1,769.5,522.83,36,1,2188886,2,30.3,169.48,1,0,3,0,2,120.25,567.2,59,0,40000
131.62,1,0,1676,0,3644.87,0,113.3,48.28,88,0,598459,0,30.71,26.74,1,0,6,0,2,120.44,69.8,176,1,9500
131.62,1,0,1358,0,3644.87,0,113.3,48.28,233,0,598459,0,30.61,26.74,1,0,5,0,2,119.71,69.8,233,1,15500
131.62,1,0,658,0,3644.87,0,113.3,48.28,47,1,598459,0,30.87,26.74,1,1,4,0,2,120.09,69.8,165,0,16000
131.62,1,0,1306,0,3644.87,0,113.3,48.28,122,0,598459,0,30.62,26.74,1,0,4,0,2,120.29,69.8,139,1,10500
131.62,1,0,1561,0,3644.87,0,113.3,48.28,138,0,598459,0,30.6,26.74,1,0,4,0,2,119.67,69.8,168,1,17000
131.62,1,0,658,0,3644.87,0,113.3,48.28,75,1,598459,0,30.97,26.74,1,0,4,0,2,120.07,69.8,136,1,12500
131.62,1,0,778,1,3644.87,0,113.3,48.28,90,1,598459,0,31.05,26.74,1,0,3,0,2,119.98,69.8,117,1,9600
506.6,1,0,566,1,11412.8,0,312.7,310.53,79,0,891500,2,31.97,87.86,0,0,3,0,2,117.16,331.5,107,1,12500
506.6,1,1,350,0,11412.8,0,312.7,310.53,89,0,891500,2,31.82,87.86,0,0,3,0,2,117.45,331.5,104,1,12800
506.6,0,1,44975,0,11412.8,0,312.7,310.53,99,0,891500,2,31.95,87.86,0,0,3,0,2,117.28,331.5,120,0,18500
506.6,0,1,401,0,11412.8,0,312.7,310.53,89,0,891500,2,31.7,87.86,0,0,3,0,2,117.19,331.5,118,1,18600
506.6,0,0,106,0,11412.8,0,312.7,310.53,89,0,891500,2,31.92,87.86,0,0,3,0,2,117.41,331.5,99,0,15800
506.6,0,1,99,0,11412.8,0,312.7,310.53,97,0,891500,2,31.73,87.86,0,0,3,0,2,117.17,331.5,130,1,17500
506.6,0,0,720,1,11412.8,0,312.7,310.53,96,0,891500,2,31.88,87.86,0,1,4,0,2,117.43,331.5,240,1,13000
506.6,1,0,205,0,11412.8,0,312.7,310.53,89,0,891500,2,31.86,87.86,0,1,4,0,2,117.4,331.5,127,1,14600
506.6,0,0,1765,0,11412.8,1,312.7,310.53,50,0,891500,0,31.82,87.86,1,1,1,0,2,117.26,331.5,50,0,19000
506.6,0,0,637,1,11412.8,0,312.7,310.53,96,1,891500,0,31.98,87.86,1,1,4,0,2,117.17,331.5,136,1,13000
506.6,1,1,350,0,11412.8,0,312.7,310.53,89,0,891500,2,31.82,87.86,0,0,3,0,2,117.45,331.5,104,1,12800
506.6,0,1,44975,0,11412.8,0,312.7,310.53,99,0,891500,2,31.95,87.86,0,0,3,0,2,117.28,331.5,120,0,18500
506.6,0,1,401,0,11412.8,0,312.7,310.53,89,0,891500,2,31.7,87.86,0,0,3,0,2,117.19,331.5,118,1,18600
506.6,0,0,106,0,11412.8,0,312.7,310.53,89,0,891500,2,31.92,87.86,0,0,3,0,2,117.41,331.5,99,0,15800
506.6,0,1,99,0,11412.8,0,312.7,310.53,97,0,891500,2,31.73,87.86,0,0,3,0,2,117.17,331.5,130,1,17500
506.6,0,0,720,1,11412.8,0,312.7,310.53,96,0,891500,2,31.88,87.86,0,1,4,0,2,117.43,331.5,240,1,13000
506.6,1,0,205,0,11412.8,0,312.7,310.53,89,0,891500,2,31.86,87.86,0,1,4,0,2,117.4,331.5,127,1,14600
85.42,1,0,1601,0,1910.0,0,84.7,65.86,95,0,616862,2,30.2,24.37,1,0,5,0,6,115.02,0.8,165,0,8300
85.42,1,0,1517,0,1910.0,0,84.7,65.86,107,0,616862,0,30.2,24.37,0,0,5,0,6,115.06,0.8,278,0,6500
85.42,1,0,780,0,1910.0,0,84.7,65.86,280,0,616862,0,30.16,24.37,0,0,5,0,6,115.06,0.8,280,0,10000
85.42,1,0,976,0,1910.0,0,84.7,65.86,133,0,616862,2,30.23,24.37,0,0,4,0,6,115.06,0.8,146,0,7300
85.42,1,0,747,0,1910.0,0,84.7,65.86,80,0,616862,2,30.19,24.37,0,0,4,0,6,115.0,0.8,126,0,5500
85.42,1,1,719,0,1910.0,0,84.7,65.86,118,0,616862,2,30.19,24.37,0,0,5,0,6,115.02,0.8,181,0,8300
85.42,1,0,44975,0,1910.0,0,84.7,65.86,102,0,616862,2,30.2,24.37,0,1,4,0,6,115.08,0.8,132,0,7300
85.42,1,0,1155,0,1910.0,0,84.7,65.86,95,0,616862,0,30.15,24.37,0,0,4,0,6,115.12,0.8,165,0,5500
85.42,1,1,1151,0,1910.0,0,84.7,65.86,108,0,616862,2,30.13,24.37,0,0,4,0,6,114.96,0.8,129,0,5500
309.57,1,0,614,1,4977.36,0,183.4,133.8,90,0,1069400,2,22.76,58.59,0,1,3,0,5,114.44,157.0,109,0,12500
309.57,1,0,693,0,4977.36,0,183.4,133.8,78,0,1069400,0,23.1,58.59,0,1,4,0,5,114.48,157.0,135,0,14000
309.57,1,0,613,0,4977.36,0,183.4,133.8,70,0,1069400,2,22.78,58.59,0,1,3,0,5,114.43,157.0,119,0,17000
309.57,1,0,948,1,4977.36,0,183.4,133.8,88,1,1069400,2,22.75,58.59,1,1,2,0,5,114.53,157.0,120,0,12150
309.57,1,0,1024,0,4977.36,0,183.4,133.8,85,1,1069400,0,23.18,58.59,1,0,4,0,5,114.34,157.0,165,0,8500
309.57,0,0,602,0,4977.36,0,183.4,133.8,96,0,1069400,2,22.78,58.59,0,1,3,0,5,114.44,157.0,100,0,17000
309.57,1,0,1694,0,4977.36,0,183.4,133.8,73,1,1069400,0,22.72,58.59,1,0,3,0,5,114.53,157.0,89,0,13000
309.57,0,0,1158,1,4977.36,0,183.4,133.8,96,0,1069400,0,22.78,58.59,0,1,4,0,5,114.48,157.0,124,0,17500
309.57,1,0,1376,1,4977.36,0,183.4,133.8,93,1,1069400,0,22.76,58.59,0,0,3,0,5,114.48,157.0,118,0,14900
309.57,1,0,1435,0,4977.36,0,183.4,133.8,134,1,1069400,0,22.79,58.59,1,0,3,0,5,114.76,157.0,134,0,17000
213.0,0,0,140,0,2057.06,0,214.7,131.0,119,0,164900,2,20.01,10.11,0,1,5,0,5,110.34,95.9,172,0,21000
213.0,0,0,170,0,2057.06,0,214.7,131.0,101,1,164900,2,19.99,10.11,1,0,4,0,5,110.18,95.9,207,0,14500
213.0,1,0,140,0,2057.06,0,214.7,131.0,98,1,164900,2,20.0,10.11,1,1,5,0,5,110.41,95.9,154,0,19500
213.0,0,0,262,1,2057.06,0,214.7,131.0,76,0,164900,2,20.06,10.11,1,1,4,0,5,110.18,95.9,141,0,18600
213.0,1,0,1156,1,2057.06,0,214.7,131.0,51,1,164900,0,20.06,10.11,1,0,4,0,5,110.21,95.9,147,0,17300
213.0,0,0,2697,0,2057.06,0,214.7,131.0,54,0,164900,2,20.06,10.11,1,0,4,0,5,110.19,95.9,138,0,20000
213.0,1,0,597,0,2057.06,0,214.7,131.0,47,1,164900,0,20.06,10.11,0,0,3,0,5,110.19,95.9,174,0,17300
213.0,0,0,140,1,2057.06,0,214.7,131.0,111,0,164900,0,20.07,10.11,0,1,5,0,5,110.32,95.9,204,0,18500
213.0,1,0,1996,1,2057.06,0,214.7,131.0,63,0,164900,0,19.92,10.11,1,0,3,0,5,110.34,95.9,117,0,22000
104.51,1,0,557,1,1843.4,0,64.7,49.02,88,0,96580,0,37.77,19.33,1,1,4,0,1,112.74,22.5,155,1,7800
104.51,1,0,688,0,1843.4,0,64.7,49.02,85,0,96580,0,37.74,19.33,1,1,5,0,1,112.75,22.5,148,1,7500
104.51,1,0,1036,0,1843.4,0,64.7,49.02,35,1,96580,0,37.72,19.33,0,1,1,0,1,112.75,22.5,98,1,22000
104.51,0,0,909,0,1843.4,0,64.7,49.02,85,0,96580,0,37.72,19.33,0,1,5,0,1,112.68,22.5,201,1,7300
104.51,1,0,1298,1,1843.4,0,64.7,49.02,90,0,96580,0,37.73,19.33,1,0,4,0,1,112.73,22.5,171,1,6800
104.51,1,0,839,0,1843.4,0,64.7,49.02,51,0,96580,2,37.79,19.33,0,1,3,0,1,112.67,22.5,125,1,7300
104.51,1,0,1246,0,1843.4,0,64.7,49.02,83,0,96580,0,37.52,19.33,0,0,4,0,1,112.56,22.5,175,0,12500
104.51,1,0,870,0,1843.4,0,64.7,49.02,51,0,96580,0,37.77,19.33,1,1,1,0,1,112.74,22.5,92,1,25000
104.51,1,1,616,0,1843.4,0,64.7,49.02,88,0,96580,0,37.74,19.33,0,0,3,0,1,112.73,22.5,135,1,8100
163.42,1,0,1631,0,6355.28,0,103.9,53.64,43,0,421727,0,30.64,34.94,0,0,4,0,2,120.37,79.3,59,1,9500
163.42,0,0,1662,0,6355.28,0,103.9,53.64,25,1,421727,2,30.36,34.94,1,1,2,0,2,120.39,79.3,41,1,14500
163.42,1,0,1348,0,6355.28,0,103.9,53.64,69,1,421727,2,30.85,34.94,1,0,3,0,2,120.97,79.3,99,1,17000
163.42,1,0,1266,1,6355.28,0,103.9,53.64,74,0,421727,2,30.55,34.94,1,0,3,0,2,120.58,79.3,96,1,14500
163.42,1,0,526,0,6355.28,0,103.9,53.64,72,0,421727,0,30.76,34.94,1,1,4,0,2,120.84,79.3,120,1,14350
163.42,1,0,1236,0,6355.28,0,103.9,53.64,62,0,421727,0,30.45,34.94,1,0,2,0,2,120.45,79.3,62,1,11000
793.65,1,0,463,0,11432.22,0,847.9,460.53,96,0,231100,2,36.58,128.78,0,0,4,0,2,116.94,196.02,129,0,11500
793.65,1,0,553,1,11432.22,0,847.9,460.53,105,0,231100,2,36.69,128.78,0,0,3,0,2,117.03,196.02,125,0,16500
793.65,1,0,100,0,11432.22,0,847.9,460.53,105,0,231100,2,36.71,128.78,0,0,4,0,2,117.13,196.02,140,0,18500
793.65,1,0,230,0,11432.22,0,847.9,460.53,96,0,231100,2,36.74,128.78,0,0,4,0,2,117.12,196.02,130,0,14000
793.65,1,1,104,0,11432.22,0,847.9,460.53,126,0,231100,2,36.71,128.78,0,0,4,0,2,117.14,196.02,167,0,21000
793.65,1,1,189,0,11432.22,0,847.9,460.53,105,0,231100,2,36.72,128.78,0,0,4,1,2,117.25,196.02,143,0,13300
793.65,0,0,1040,1,11432.22,1,847.9,460.53,100,1,231100,2,36.69,128.78,1,0,4,0,2,116.89,196.02,165,0,15500
793.65,1,0,1862,0,11432.22,0,847.9,460.53,109,0,231100,0,36.55,128.78,0,1,3,0,2,116.76,196.02,130,1,8200
793.65,1,0,602,1,11432.22,1,847.9,460.53,105,0,231100,0,36.52,128.78,1,0,4,0,2,116.82,196.02,166,0,9500
456.15,0,1,447,0,7222.5,0,482.5,284.93,126,0,432900,2,24.98,53.98,0,0,5,0,4,102.72,6.8,275,0,15000
456.15,0,1,931,1,7222.5,0,482.5,284.93,89,0,432900,2,24.97,53.98,0,0,4,0,4,102.73,6.8,190,0,15500
456.15,0,0,1030,1,7222.5,0,482.5,284.93,89,1,432900,2,25.09,53.98,0,1,4,0,4,102.68,6.8,165,0,17000
456.15,0,1,602,0,7222.5,0,482.5,284.93,92,0,432900,2,25.04,53.98,0,0,3,1,4,102.76,6.8,143,0,16000
456.15,0,0,980,1,7222.5,0,482.5,284.93,90,0,432900,2,25.04,53.98,0,1,4,0,4,102.79,6.8,143,0,15500
456.15,0,0,1266,1,7222.5,0,482.5,284.93,41,1,432900,0,25.01,53.98,0,1,1,0,4,102.7,6.8,63,0,11750
456.15,0,0,1043,1,7222.5,1,482.5,284.93,84,0,432900,0,25.12,53.98,0,1,4,0,4,102.75,6.8,179,0,14500
456.15,1,0,388,1,7222.5,1,482.5,284.93,38,1,432900,0,24.98,53.98,0,0,3,0,4,102.76,6.8,93,0,8000
456.15,0,0,2302,1,7222.5,0,482.5,284.93,125,1,432900,0,24.94,53.98,1,0,4,0,4,102.75,6.8,139,0,30000
80.12,1,0,1143,0,3553.1,0,88.7,56.06,75,0,51300,2,39.95,7.63,0,0,3,1,1,116.92,12.2,118,0,11000
80.12,1,0,876,0,3553.1,0,88.7,56.06,125,0,51300,2,40.04,7.63,0,0,3,0,1,116.84,12.2,135,0,15000
80.12,1,0,658,0,3553.1,0,88.7,56.06,86,0,51300,2,39.48,7.63,0,0,4,1,1,116.28,12.2,130,1,11100
80.12,1,0,201,0,3553.1,0,88.7,56.06,95,0,51300,2,39.43,7.63,0,0,3,0,1,116.3,12.2,133,1,10800
80.12,1,0,900,0,3553.1,0,88.7,56.06,123,0,51300,2,39.55,7.63,0,0,4,0,1,116.68,12.2,200,1,13500
80.12,0,0,658,0,3553.1,0,88.7,56.06,97,0,51300,2,40.0,7.63,0,1,3,0,1,116.79,12.2,118,0,24000
80.12,0,0,883,0,3553.1,0,88.7,56.06,84,0,51300,2,39.97,7.63,1,0,5,0,1,116.78,12.2,270,0,23500
80.12,1,0,768,0,3553.1,0,88.7,56.06,78,0,51300,2,39.46,7.63,0,1,3,0,1,116.31,12.2,94,1,11500
80.12,1,0,1601,0,3553.1,0,88.7,56.06,73,1,51300,2,39.44,7.63,1,0,3,0,1,116.28,12.2,125,1,11300
80.12,1,0,2142,0,3553.1,0,88.7,56.06,87,1,51300,2,39.44,7.63,1,0,3,0,1,116.33,12.2,132,1,11000
75.82,1,1,296,0,2205.15,0,108.8,50.16,87,0,1155000,2,29.54,10.14,0,0,4,0,4,103.71,22.6,114,0,6400
75.82,1,0,2141,0,2205.15,0,108.8,50.16,86,0,1155000,0,29.58,10.14,1,0,3,0,4,103.46,22.6,86,1,12000
75.82,1,0,1754,0,2205.15,0,108.8,50.16,173,0,1155000,0,29.58,10.14,1,0,5,0,4,103.46,22.6,397,1,17000
75.82,1,0,3402,0,2205.15,0,108.8,50.16,244,0,1155000,2,29.58,10.14,1,0,5,0,4,103.47,22.6,408,1,6000
75.82,1,0,1389,0,2205.15,0,108.8,50.16,131,1,1155000,2,29.59,10.14,1,1,4,0,4,103.47,22.6,131,1,6500
75.82,1,0,2135,0,2205.15,0,108.8,50.16,188,1,1155000,0,29.59,10.14,0,0,4,0,4,103.47,22.6,218,1,12000
75.82,0,0,1382,1,2205.15,0,108.8,50.16,49,1,1155000,0,29.57,10.14,1,0,3,0,4,103.46,22.6,103,1,10000
85.32,0,0,1456,1,1380.2,0,132.6,55.08,79,0,637700,0,30.18,13.75,0,1,4,0,4,103.87,18.6,166,1,7800
85.32,1,0,789,1,1380.2,0,132.6,55.08,75,0,637700,2,30.31,13.75,0,1,4,0,4,103.93,18.6,138,1,7400
85.32,1,0,658,1,1380.2,0,132.6,55.08,88,1,637700,2,30.08,13.75,1,1,4,0,4,103.91,18.6,154,0,7000
85.32,1,0,981,0,1380.2,0,132.6,55.08,94,1,637700,0,30.21,13.75,0,1,4,0,4,103.87,18.6,138,1,7000
85.32,1,0,1124,1,1380.2,0,132.6,55.08,99,0,637700,0,30.21,13.75,0,1,5,0,4,103.87,18.6,170,1,7000
85.32,1,0,658,1,1380.2,0,132.6,55.08,88,1,637700,0,30.18,13.75,0,1,4,0,4,103.88,18.6,121,1,5900
85.32,1,0,674,1,1380.2,0,132.6,55.08,86,1,637700,2,30.08,13.75,1,1,4,0,4,103.91,18.6,131,0,7300
85.32,0,0,1266,1,1380.2,0,132.6,55.08,68,0,637700,2,30.04,13.75,0,1,4,0,4,103.86,18.6,168,0,6500
85.32,1,0,1205,1,1380.2,0,132.6,55.08,189,1,637700,2,30.08,13.75,1,1,9,0,4,103.91,18.6,209,0,15500
85.32,0,0,657,0,1380.2,0,132.6,55.08,102,0,637700,2,30.17,13.75,0,1,4,0,4,104.07,18.6,124,1,11000
868.28,0,1,109,0,16356.0,0,733.7,653.78,99,0,414700,2,32.14,303.91,0,0,4,1,2,118.85,46.0,140,0,34067
868.28,0,0,478,0,16356.0,0,733.7,653.78,90,0,414700,2,32.06,303.91,0,1,3,0,2,118.94,46.0,140,0,30500
868.28,0,0,413,1,16356.0,1,733.7,653.78,92,0,414700,2,31.73,303.91,1,0,4,0,2,119.0,46.0,121,0,12500
868.28,0,0,44975,0,16356.0,0,733.7,653.78,97,0,414700,2,32.06,303.91,0,1,4,0,2,118.65,46.0,135,0,32500
868.28,0,0,141,0,16356.0,0,733.7,653.78,97,0,414700,2,31.96,303.91,0,0,4,0,2,118.71,46.0,138,0,33000
868.28,0,0,444,1,16356.0,0,733.7,653.78,79,1,414700,2,32.04,303.91,1,0,4,0,2,118.92,46.0,255,0,31000
868.28,1,0,2477,1,16356.0,1,733.7,653.78,240,0,414700,0,32.1,303.91,1,0,5,0,2,118.86,46.0,257,0,35500
300.14,1,0,1662,1,11026.94,0,313.4,150.08,54,1,476200,2,32.05,72.27,1,0,3,0,2,120.84,94.3,62,0,11500
300.14,1,0,996,1,11026.94,0,313.4,150.08,30,1,476200,0,32.06,72.27,1,0,3,0,2,120.88,94.3,77,0,11000
300.14,0,0,566,0,11026.94,0,313.4,150.08,124,1,476200,2,32.38,72.27,0,1,4,0,2,120.57,94.3,224,0,16500
300.14,1,0,798,0,11026.94,0,313.4,150.08,106,0,476200,0,32.17,72.27,0,0,4,0,2,121.43,94.3,167,0,9000
300.14,1,0,2225,1,11026.94,0,313.4,150.08,60,0,476200,0,32.07,72.27,1,0,3,0,2,120.87,94.3,120,0,10000
300.14,1,0,809,0,11026.94,0,313.4,150.08,94,1,476200,2,32.1,72.27,1,0,3,0,2,120.61,94.3,122,0,9500
300.14,1,0,900,0,11026.94,0,313.4,150.08,40,0,476200,0,32.01,72.27,0,0,3,0,2,120.94,94.3,60,0,10000
300.14,1,0,1511,1,11026.94,0,313.4,150.08,83,0,476200,0,31.86,72.27,1,0,4,0,2,121.38,94.3,150,0,8300
300.14,1,0,1520,1,11026.94,0,313.4,150.08,133,0,476200,0,31.86,72.27,1,0,4,0,2,121.38,94.3,133,0,14000
300.14,0,0,1155,0,11026.94,0,313.4,150.08,98,1,476200,2,32.07,72.27,1,0,4,0,2,120.83,94.3,138,0,22000
388.93,0,0,1331,1,14594.92,0,311.2,221.93,100,0,806760,2,29.8,134.3,1,0,4,0,2,121.59,217.7,160,0,31200
388.93,1,0,606,1,14594.92,0,311.2,221.93,85,0,806760,2,30.35,134.3,0,0,4,0,2,121.23,217.7,170,1,13000
388.93,1,0,785,1,14594.92,0,311.2,221.93,98,0,806760,2,29.72,134.3,0,1,4,0,2,121.44,217.7,118,1,17500
388.93,0,0,275,0,14594.92,0,311.2,221.93,89,0,806760,2,29.87,134.3,0,1,4,0,2,121.48,217.7,129,0,24900
388.93,0,0,148,0,14594.92,0,311.2,221.93,107,0,806760,2,29.84,134.3,0,0,4,0,2,121.6,217.7,135,0,33700
388.93,1,0,882,1,14594.92,0,311.2,221.93,70,0,806760,0,30.33,134.3,1,0,4,0,2,121.24,217.7,125,1,13500
388.93,1,0,1266,1,14594.92,0,311.2,221.93,97,1,806760,0,30.33,134.3,1,1,3,0,2,121.21,217.7,124,1,11500
388.93,1,0,765,0,14594.92,0,311.2,221.93,103,0,806760,0,30.18,134.3,0,0,4,0,2,121.04,217.7,128,0,10700
365.51,0,0,1592,1,6650.53,0,318.1,283.77,89,1,946300,1,28.78,65.5,0,0,3,0,2,115.86,28.2,108,0,9300
365.51,0,0,641,1,6650.53,0,318.1,283.77,89,1,946300,2,28.54,65.5,0,1,4,0,2,115.94,28.2,138,0,11500
365.51,0,0,1207,1,6650.53,0,318.1,283.77,125,1,946300,0,28.7,65.5,0,1,4,0,2,115.85,28.2,143,0,20000
365.51,0,0,568,1,6650.53,0,318.1,283.77,88,0,946300,2,28.63,65.5,0,1,4,0,2,115.89,28.2,230,0,21000
365.51,1,0,1272,1,6650.53,0,318.1,283.77,145,0,946300,0,28.6,65.5,1,1,5,0,2,115.86,28.2,275,0,7500
365.51,1,0,505,1,6650.53,1,318.1,283.77,28,0,946300,0,28.71,65.5,0,0,2,0,2,115.88,28.2,54,0,11000
365.51,1,0,900,1,6650.53,0,318.1,283.77,114,0,946300,0,28.7,65.5,1,0,5,0,2,115.73,28.2,201,1,12500
365.51,1,0,1237,1,6650.53,0,318.1,283.77,126,0,946300,1,28.8,65.5,1,0,5,0,2,115.85,28.2,245,0,9500
327.51,1,0,533,0,5120.94,0,422.0,265.31,97,0,1190000,2,22.75,19.23,0,1,4,0,5,108.41,167.7,142,0,12500
327.51,0,0,547,0,5120.94,0,422.0,265.31,79,0,1190000,2,22.7,19.23,0,1,4,0,5,108.39,167.7,126,0,11000
327.51,1,0,566,1,5120.94,0,422.0,265.31,75,0,1190000,2,22.89,19.23,1,1,3,0,5,108.43,167.7,116,0,8700
327.51,0,0,687,1,5120.94,0,422.0,265.31,88,1,1190000,2,22.77,19.23,1,0,5,0,5,108.28,167.7,142,0,12500
327.51,0,0,992,1,5120.94,1,422.0,265.31,48,0,1190000,0,22.74,19.23,1,0,4,0,5,108.36,167.7,114,0,13000
327.51,0,0,1153,1,5120.94,1,422.0,265.31,56,1,1190000,0,22.73,19.23,1,0,4,0,5,108.4,167.7,192,0,21000
327.51,0,0,658,1,5120.94,0,422.0,265.31,90,1,1190000,0,22.8,19.23,1,0,4,0,5,108.46,167.7,125,0,15500
327.51,0,0,1205,1,5120.94,0,422.0,265.31,88,0,1190000,0,22.78,19.23,1,0,4,0,5,108.37,167.7,140,0,18000
327.51,0,0,580,1,5120.94,0,422.0,265.31,99,0,1190000,2,22.8,19.23,1,1,5,0,5,108.34,167.7,203,0,10500
167.14,1,0,1570,0,2601.98,0,193.7,120.0,90,0,478100,0,30.85,24.56,1,1,3,0,4,106.08,37.4,90,0,9300
167.14,1,0,1602,1,2601.98,0,193.7,120.0,85,1,478100,0,30.71,24.56,1,1,4,0,4,106.12,37.4,120,0,5099
167.14,1,0,1574,1,2601.98,0,193.7,120.0,96,1,478100,0,30.77,24.56,1,1,3,0,4,106.19,37.4,110,0,5200
167.14,1,0,1450,0,2601.98,0,193.7,120.0,80,0,478100,2,30.79,24.56,1,0,4,0,4,106.06,37.4,126,0,7200
167.14,1,0,1631,0,2601.98,0,193.7,120.0,108,1,478100,2,30.83,24.56,0,0,4,0,4,106.09,37.4,129,0,8000
167.14,1,0,1631,0,2601.98,0,193.7,120.0,148,1,478100,2,30.83,24.56,0,1,5,0,4,106.09,37.4,152,0,15000
167.14,1,0,1450,0,2601.98,0,193.7,120.0,126,0,478100,0,30.79,24.56,1,0,4,0,4,106.06,37.4,126,0,10000
167.14,1,0,1053,0,2601.98,0,193.7,120.0,94,0,478100,2,30.79,24.56,1,0,3,0,4,106.14,37.4,115,0,5800
146.7,1,0,630,0,1685.8,0,150.1,105.43,83,1,164500,0,39.91,15.6,0,0,4,0,1,119.55,32.1,179,0,13500
146.7,1,1,161,0,1685.8,0,150.1,105.43,81,0,164500,0,39.91,15.6,0,0,4,1,1,119.51,32.1,148,0,11000
146.7,0,0,2514,0,1685.8,0,150.1,105.43,49,1,164500,0,39.91,15.6,0,1,4,0,1,119.56,32.1,329,0,19000
146.7,0,0,201,0,1685.8,0,150.1,105.43,53,0,164500,0,39.78,15.6,0,0,3,0,1,119.41,32.1,147,0,14500
146.7,0,0,658,0,1685.8,0,150.1,105.43,36,0,164500,0,39.67,15.6,1,1,3,0,1,119.32,32.1,124,0,25000
146.7,1,0,1510,0,1685.8,0,150.1,105.43,68,0,164500,0,39.93,15.6,0,1,3,0,1,119.62,32.1,132,0,12000
146.7,1,0,1996,0,1685.8,0,150.1,105.43,86,1,164500,0,39.78,15.6,0,0,3,0,1,119.3,32.1,133,0,6200
146.7,1,0,505,0,1685.8,0,150.1,105.43,86,1,164500,0,39.98,15.6,0,1,3,0,1,119.62,32.1,126,0,9800
146.7,0,0,672,0,1685.8,0,150.1,105.43,42,0,164500,0,40.0,15.6,1,1,4,0,1,119.52,32.1,146,0,7300
230.0,1,1,275,0,11304.17,0,316.4,138.25,143,0,527100,2,24.87,20.8,0,0,5,0,2,118.59,70.8,165,0,15000
230.0,1,1,388,0,11304.17,0,316.4,138.25,62,0,527100,2,24.78,20.8,0,0,3,1,2,118.64,70.8,121,0,8600
230.0,1,0,2826,0,11304.17,0,316.4,138.25,125,1,527100,2,24.68,20.8,1,0,4,0,2,118.71,70.8,180,0,10000
230.0,1,0,3180,0,11304.17,0,316.4,138.25,80,1,527100,2,24.97,20.8,1,1,4,0,2,118.69,70.8,147,0,10000
761.52,0,0,1556,0,14136.0,0,732.8,455.3,77,0,229600,1,35.8,208.43,1,1,4,0,2,119.79,124.86,200,0,25000
761.52,1,0,1631,1,14136.0,0,732.8,455.3,103,0,229600,0,36.17,208.43,1,1,4,0,2,120.09,124.86,150,0,10000
761.52,1,0,1389,0,14136.0,0,732.8,455.3,85,1,229600,0,36.13,208.43,1,0,3,0,2,119.72,124.86,115,1,6500
761.52,1,0,3492,0,14136.0,0,732.8,455.3,206,0,229600,2,36.47,208.43,1,0,5,0,2,120.68,124.86,380,0,17000
761.52,1,0,956,1,14136.0,0,732.8,455.3,89,0,229600,2,36.32,208.43,0,1,4,0,2,120.44,124.86,138,0,16500
761.52,0,0,1509,0,14136.0,0,732.8,455.3,88,1,229600,2,35.94,208.43,1,1,3,0,2,120.08,124.86,112,0,15800
761.52,1,0,1071,1,14136.0,0,732.8,455.3,85,0,229600,2,36.28,208.43,0,1,3,0,2,120.43,124.86,118,0,15000
761.52,1,0,1084,1,14136.0,1,732.8,455.3,66,1,229600,2,35.93,208.43,0,0,4,0,2,120.13,124.86,178,0,13000
761.52,0,0,2343,1,14136.0,0,732.8,455.3,151,1,229600,0,35.98,208.43,1,0,3,0,2,120.28,124.86,180,0,30000
761.52,0,0,1542,1,14136.0,1,732.8,455.3,117,1,229600,2,36.12,208.43,0,0,3,0,2,120.4,124.86,133,0,33000
93.65,0,0,1286,0,2007.45,0,152.9,53.31,79,1,2513919,2,23.48,8.71,1,0,4,0,5,112.99,9.2,120,0,6900
93.65,1,1,564,0,2007.45,0,152.9,53.31,67,0,2513919,2,23.68,8.71,0,0,3,0,5,113.04,9.2,127,0,6900
93.65,0,0,686,0,2007.45,0,152.9,53.31,85,0,2513919,2,23.72,8.71,0,0,3,1,5,113.06,9.2,118,0,7500
93.65,0,0,1041,0,2007.45,0,152.9,53.31,67,0,2513919,0,23.54,8.71,1,0,4,0,5,113.06,9.2,113,0,7500
93.65,0,0,1691,0,2007.45,0,152.9,53.31,39,0,2513919,0,23.67,8.71,0,1,4,0,5,113.07,9.2,120,0,9500
93.65,0,0,870,0,2007.45,0,152.9,53.31,99,0,2513919,0,23.7,8.71,0,1,4,0,5,113.08,9.2,270,0,16000
93.65,1,0,1875,0,2007.45,0,152.9,53.31,38,1,2513919,0,23.69,8.71,0,1,4,0,5,113.03,9.2,139,0,9100
93.65,0,0,924,0,2007.45,0,152.9,53.31,85,0,2513919,2,23.72,8.71,1,0,4,0,5,113.02,9.2,126,0,7000
93.65,0,0,1266,0,2007.45,0,152.9,53.31,118,0,2513919,0,23.71,8.71,0,0,4,0,5,113.06,9.2,146,0,8500
20.68,0,0,1450,0,337.87,0,52.3,8.64,110,0,221000,0,19.23,0.69,1,0,3,0,5,110.62,12.2,126,0,19800
20.68,0,0,2856,0,337.87,0,52.3,8.64,58,0,221000,0,19.22,0.69,1,0,4,0,5,110.62,12.2,134,0,22000
20.68,0,0,1874,0,337.87,0,52.3,8.64,57,0,221000,0,19.2,0.69,1,0,3,0,5,110.6,12.2,147,0,17000
20.68,1,0,2276,0,337.87,0,52.3,8.64,53,0,221000,0,19.27,0.69,1,0,2,0,5,110.46,12.2,80,0,12000
20.68,0,0,1237,0,337.87,0,52.3,8.64,59,0,221000,0,19.25,0.69,0,1,3,0,5,110.49,12.2,139,0,13500
20.68,0,0,1308,0,337.87,0,52.3,8.64,101,0,221000,0,19.28,0.69,1,1,3,0,5,110.47,12.2,141,0,15000
20.68,0,0,1281,0,337.87,0,52.3,8.64,45,0,221000,0,19.27,0.69,0,0,3,0,5,110.48,12.2,99,0,14000
334.77,0,0,246,0,6490.3,0,569.0,361.67,85,0,176100,2,38.08,27.38,0,1,3,0,1,114.55,11.3,141,0,17500
334.77,1,0,837,1,6490.3,0,569.0,361.67,88,0,176100,2,38.06,27.38,0,0,4,0,1,114.57,11.3,177,0,19000
334.77,0,0,266,0,6490.3,0,569.0,361.67,82,0,176100,2,38.0,27.38,0,1,4,0,1,114.44,11.3,143,0,16500
334.77,0,0,215,1,6490.3,0,569.0,361.67,88,1,176100,2,37.99,27.38,1,0,3,0,1,114.62,11.3,132,0,12000
334.77,1,0,470,1,6490.3,0,569.0,361.67,76,0,176100,2,37.98,27.38,0,1,3,0,1,114.6,11.3,128,0,11000
334.77,1,0,1571,1,6490.3,0,569.0,361.67,258,1,176100,2,38.11,27.38,0,0,1,0,1,114.44,11.3,258,0,17000
334.77,1,0,2392,0,6490.3,0,569.0,361.67,161,1,176100,2,38.02,27.38,0,0,4,0,1,114.43,11.3,335,0,20500
334.77,1,0,1519,1,6490.3,1,569.0,361.67,161,0,176100,0,38.04,27.38,0,0,7,0,1,114.52,11.3,563,0,33000
334.77,0,0,246,0,6490.3,0,569.0,361.67,85,0,176100,2,38.08,27.38,0,1,3,0,1,114.55,11.3,141,0,17500
334.77,0,0,266,0,6490.3,0,569.0,361.67,82,0,176100,2,38.0,27.38,0,1,4,0,1,114.44,11.3,143,0,16500
570.0,1,0,255,1,7249.0,0,625.0,474.0,94,1,270000,0,41.84,142.37,1,1,4,0,0,123.33,190.0,132,0,11000
570.0,1,0,180,1,7249.0,0,625.0,474.0,135,1,270000,0,41.84,142.37,0,1,8,0,0,123.33,190.0,220,0,12500
570.0,1,0,1723,1,7249.0,0,625.0,474.0,90,0,270000,2,41.74,142.37,0,0,5,0,0,123.44,190.0,163,0,20000
570.0,1,0,1789,0,7249.0,0,625.0,474.0,34,1,270000,0,41.78,142.37,0,1,1,0,0,123.47,190.0,75,0,8000
570.0,1,0,1053,1,7249.0,0,625.0,474.0,50,1,270000,0,41.7,142.37,0,0,4,0,0,123.51,190.0,146,0,9600
570.0,1,0,2058,1,7249.0,0,625.0,474.0,46,0,270000,0,41.85,142.37,0,1,2,0,0,123.47,190.0,88,0,9000
570.0,1,0,2807,1,7249.0,1,625.0,474.0,47,1,270000,0,41.81,142.37,0,0,3,0,0,123.45,190.0,119,0,13500
570.0,1,0,1254,0,7249.0,1,625.0,474.0,75,0,270000,0,41.96,142.37,0,1,3,0,0,123.43,190.0,112,0,6500
570.0,1,0,1927,1,7249.0,1,625.0,474.0,64,1,270000,0,41.72,142.37,1,0,3,0,0,123.45,190.0,133,0,13500
570.0,1,0,1421,1,7249.0,0,625.0,474.0,85,0,270000,0,41.88,142.37,0,1,3,0,0,123.36,190.0,125,0,8600
1242.0,0,0,336,0,43214.85,0,2489.4,2489.43,76,0,585700,2,30.84,179.68,0,0,4,0,2,121.31,1047.97,151,1,21074
1242.0,0,0,218,0,43214.85,0,2489.4,2489.43,84,0,585700,2,30.91,179.68,0,0,4,0,2,121.4,1047.97,130,0,29800
1242.0,0,1,188,0,43214.85,0,2489.4,2489.43,93,0,585700,2,30.88,179.68,0,0,4,0,2,121.93,1047.97,143,0,34000
1242.0,0,0,444,0,43214.85,0,2489.4,2489.43,98,0,585700,2,31.12,179.68,0,0,3,0,2,120.85,1047.97,118,0,16300
1242.0,0,0,524,1,43214.85,0,2489.4,2489.43,48,0,585700,2,31.99,179.68,1,0,3,0,2,121.77,1047.97,94,0,10500
1242.0,1,0,661,1,43214.85,0,2489.4,2489.43,70,1,585700,2,30.54,179.68,0,0,4,0,2,120.98,1047.97,145,1,13500
1242.0,0,0,525,1,43214.85,0,2489.4,2489.43,90,1,585700,2,31.19,179.68,1,0,3,0,2,120.97,1047.97,125,0,19000
1242.0,1,0,1723,0,43214.85,0,2489.4,2489.43,87,0,585700,0,30.14,179.68,1,0,3,0,2,120.97,1047.97,128,1,8000
1242.0,0,0,336,0,43214.85,0,2489.4,2489.43,76,0,585700,2,30.84,179.68,0,0,4,0,2,121.31,1047.97,151,1,21074
1242.0,0,1,188,0,43214.85,0,2489.4,2489.43,93,0,585700,2,30.88,179.68,0,0,4,0,2,121.93,1047.97,143,0,34000
1242.0,0,0,525,1,43214.85,0,2489.4,2489.43,90,1,585700,2,31.19,179.68,1,0,3,0,2,120.97,1047.97,125,0,19000
481.33,0,0,455,0,22718.34,0,396.2,304.42,89,0,581200,2,31.37,124.5,0,0,4,0,2,120.46,356.9,142,0,20850
481.33,0,0,898,1,22718.34,0,396.2,304.42,98,1,581200,2,31.36,124.5,0,0,4,0,2,120.45,356.9,140,0,28000
481.33,0,0,518,1,22718.34,0,396.2,304.42,100,0,581200,2,31.37,124.5,0,1,4,0,2,120.42,356.9,125,0,24800
481.33,1,0,598,1,22718.34,1,396.2,304.42,118,1,581200,2,31.27,124.5,1,0,4,0,2,120.54,356.9,170,0,26000
481.33,0,0,839,1,22718.34,0,396.2,304.42,95,0,581200,2,31.21,124.5,0,0,3,0,2,120.61,356.9,119,0,24000
481.33,1,0,2499,1,22718.34,0,396.2,304.42,289,1,581200,2,31.23,124.5,1,0,4,0,2,120.44,356.9,294,0,36000
481.33,1,0,2484,1,22718.34,0,396.2,304.42,338,0,581200,0,31.14,124.5,0,0,6,0,2,120.33,356.9,496,0,15000
481.33,1,0,231,0,22718.34,0,396.2,304.42,86,1,581200,2,31.04,124.5,1,0,3,0,2,120.86,356.9,127,0,16000
481.33,1,0,719,1,22718.34,1,396.2,304.42,220,1,581200,0,31.15,124.5,1,0,6,0,2,120.6,356.9,389,0,18354
263.05,0,0,308,0,6795.26,0,219.9,113.46,95,0,784338,2,30.06,65.38,0,0,3,0,2,120.6,116.3,105,0,31000
263.05,0,1,750,1,6795.26,0,219.9,113.46,98,0,784338,2,30.09,65.38,0,0,3,0,2,120.54,116.3,115,0,24300
263.05,0,0,1339,0,6795.26,0,219.9,113.46,89,1,784338,0,29.58,65.38,1,0,4,0,2,120.84,116.3,132,0,13500
263.05,1,0,855,1,6795.26,0,219.9,113.46,89,0,784338,2,29.53,65.38,1,0,4,0,2,120.74,116.3,139,0,7700
263.05,1,0,1239,0,6795.26,0,219.9,113.46,193,0,784338,2,29.53,65.38,1,0,5,0,2,120.74,116.3,235,0,13800
263.05,1,0,1144,0,6795.26,0,219.9,113.46,95,1,784338,0,30.15,65.38,1,0,6,0,2,120.38,116.3,220,0,20000
263.05,0,0,1085,1,6795.26,0,219.9,113.46,128,1,784338,2,30.03,65.38,0,1,4,0,2,120.62,116.3,169,0,30000
263.05,0,0,1175,0,6795.26,0,219.9,113.46,39,0,784338,2,30.06,65.38,1,0,1,0,2,120.6,116.3,48,0,17500
670.0,0,0,336,0,12691.02,0,671.0,428.12,97,0,54372,2,34.84,53.33,0,0,4,0,6,113.63,291.1,146,0,18300
670.0,0,0,539,0,12691.02,0,671.0,428.12,131,0,54372,2,34.85,53.33,0,1,4,0,6,113.77,291.1,143,0,18000
670.0,1,0,658,1,12691.02,1,671.0,428.12,58,1,54372,2,34.73,53.33,0,0,3,0,6,113.7,291.1,113,0,9800
670.0,1,0,550,0,12691.02,0,671.0,428.12,78,0,54372,2,34.76,53.33,0,1,4,0,6,113.46,291.1,135,0,6900
670.0,1,0,528,1,12691.02,1,671.0,428.12,91,0,54372,2,34.82,53.33,0,1,7,0,6,113.66,291.1,233,0,18500
670.0,0,0,610,0,12691.02,0,671.0,428.12,75,0,54372,2,34.66,53.33,0,1,3,0,6,113.64,291.1,118,0,10500
670.0,0,0,295,0,12691.02,0,671.0,428.12,86,0,54372,2,34.69,53.33,0,0,3,0,6,113.88,291.1,106,0,7800
670.0,1,1,433,0,12691.02,0,671.0,428.12,96,0,54372,2,34.63,53.33,0,0,4,1,6,113.72,291.1,133,0,7300
670.0,1,0,497,1,12691.02,1,671.0,428.12,111,1,54372,2,34.74,53.33,1,0,4,0,6,113.72,291.1,146,0,16000
956.1,0,0,441,0,30664.85,0,1768.2,1768.16,65,0,171656,2,22.56,273.42,0,0,5,1,5,114.23,906.0,138,0,57500
956.1,0,1,175,1,30664.85,0,1768.2,1768.16,85,0,171656,2,22.63,273.42,0,0,3,1,5,113.86,906.0,93,0,64300
956.1,1,0,435,0,30664.85,0,1768.2,1768.16,73,0,171656,2,22.58,273.42,0,0,4,0,5,114.13,906.0,158,0,79000
956.1,0,0,287,1,30664.85,0,1768.2,1768.16,93,0,171656,2,22.65,273.42,0,0,3,0,5,114.04,906.0,113,0,65500
956.1,0,1,181,0,30664.85,0,1768.2,1768.16,122,0,171656,2,22.52,273.42,0,0,4,1,5,114.07,906.0,175,0,112800
956.1,0,1,99,1,30664.85,0,1768.2,1768.16,71,0,171656,2,22.69,273.42,0,0,3,0,5,114.27,906.0,81,0,38000
956.1,0,0,236,1,30664.85,0,1768.2,1768.16,109,0,171656,2,22.49,273.42,0,0,4,0,5,113.9,906.0,143,0,104300
956.1,0,0,1038,1,30664.85,0,1768.2,1768.16,33,1,171656,0,22.72,273.42,1,0,4,0,5,114.06,906.0,77,0,45000
58.03,0,0,382,1,835.37,0,66.9,40.0,100,1,158392,2,18.28,5.29,0,1,4,0,5,109.5,37.7,130,0,40000
58.03,0,0,535,0,835.37,0,66.9,40.0,104,0,158392,2,18.31,5.29,0,0,3,0,5,109.54,37.7,109,0,30000
58.03,0,0,747,1,835.37,0,66.9,40.0,107,0,158392,2,18.29,5.29,1,1,4,0,5,109.56,37.7,160,0,33000
58.03,0,0,779,0,835.37,0,66.9,40.0,82,0,158392,0,18.41,5.29,1,0,4,0,5,109.74,37.7,209,0,30000
1237.33,0,0,505,1,15695.05,1,1373.0,1165.4,78,0,132900,2,39.07,256.54,1,0,3,0,1,117.08,353.48,150,0,15000
1237.33,0,0,627,1,15695.05,0,1373.0,1165.4,84,1,132900,2,39.14,256.54,0,0,3,0,1,117.08,353.48,164,0,23000
1237.33,1,0,1694,1,15695.05,0,1373.0,1165.4,110,0,132900,0,39.17,256.54,1,0,4,0,1,117.0,353.48,165,0,26000
1237.33,1,0,903,1,15695.05,0,1373.0,1165.4,90,0,132900,0,38.88,256.54,0,1,3,0,1,117.12,353.48,131,0,7000
1237.33,1,0,1895,0,15695.05,0,1373.0,1165.4,37,0,132900,0,39.17,256.54,0,1,1,0,1,117.39,353.48,40,0,8880
1237.33,1,0,813,1,15695.05,1,1373.0,1165.4,62,1,132900,0,39.09,256.54,0,0,2,0,1,117.37,353.48,79,0,10400
1237.33,1,0,3177,1,15695.05,0,1373.0,1165.4,45,0,132900,2,39.17,256.54,1,0,1,0,1,117.45,353.48,68,0,7500
1237.33,1,0,938,1,15695.05,0,1373.0,1165.4,73,0,132900,2,39.35,256.54,1,0,4,0,1,117.06,353.48,144,0,10500
1237.33,1,0,1996,0,15695.05,1,1373.0,1165.4,132,1,132900,0,39.05,256.54,1,0,3,0,1,117.2,353.48,138,0,31000
340.0,0,0,794,1,5121.61,0,395.0,311.8,87,0,66000,2,37.86,65.5,0,1,3,0,1,112.63,103.0,143,0,10800
340.0,1,0,99,0,5121.61,0,395.0,311.8,88,0,66000,2,37.8,65.5,0,1,3,0,1,112.5,103.0,125,0,9300
340.0,1,0,1645,0,5121.61,0,395.0,311.8,67,1,66000,0,37.82,65.5,1,1,4,0,1,112.62,103.0,106,0,14500
340.0,1,0,2198,0,5121.61,0,395.0,311.8,166,1,66000,2,37.87,65.5,0,1,6,0,1,112.62,103.0,306,0,8500
340.0,1,0,2296,0,5121.61,0,395.0,311.8,53,0,66000,2,37.89,65.5,1,0,2,0,1,112.56,103.0,95,0,14000
340.0,0,0,1182,1,5121.61,0,395.0,311.8,170,0,66000,2,37.89,65.5,0,1,5,0,1,112.56,103.0,280,0,22000
340.0,1,0,3442,1,5121.61,0,395.0,311.8,156,0,66000,0,37.79,65.5,0,1,4,0,1,112.54,103.0,298,0,14500
340.0,1,0,2856,0,5121.61,0,395.0,311.8,81,0,66000,0,37.75,65.5,0,1,2,0,1,112.59,103.0,81,0,11000
356.25,0,0,476,1,14003.24,0,281.5,244.02,118,0,373400,2,31.47,71.11,0,1,4,0,2,120.31,64.4,172,0,33000
356.25,0,1,44975,0,14003.24,0,281.5,244.02,99,0,373400,2,31.48,71.11,0,0,4,0,2,120.3,64.4,143,0,31000
356.25,0,0,507,1,14003.24,0,281.5,244.02,89,0,373400,2,31.59,71.11,0,1,4,0,2,120.41,64.4,118,0,20000
356.25,0,0,505,0,14003.24,0,281.5,244.02,110,0,373400,2,31.61,71.11,0,0,3,0,2,120.21,64.4,170,0,17500
356.25,0,0,719,0,14003.24,0,281.5,244.02,89,0,373400,2,31.65,71.11,0,1,4,0,2,120.31,64.4,140,0,24000
356.25,0,0,838,1,14003.24,0,281.5,244.02,79,1,373400,0,31.62,71.11,1,1,4,0,2,120.25,64.4,160,0,18000
356.25,0,0,506,0,14003.24,1,281.5,244.02,87,0,373400,2,31.59,71.11,0,0,4,0,2,120.31,64.4,144,0,28000
356.25,0,0,1631,0,14003.24,1,281.5,244.02,55,0,373400,0,31.49,71.11,0,0,1,0,2,120.31,64.4,89,0,11000
356.25,0,0,780,1,14003.24,0,281.5,244.02,95,1,373400,0,31.54,71.11,0,1,4,0,2,120.32,64.4,227,0,24000
356.25,1,0,4459,1,14003.24,1,281.5,244.02,300,0,373400,0,31.56,71.11,0,0,5,0,2,120.32,64.4,300,0,16000
197.39,0,0,1257,0,3463.93,0,174.4,85.2,88,1,122900,0,37.47,38.34,0,1,5,0,2,122.04,20.5,170,0,11800
197.39,1,0,1583,0,3463.93,0,174.4,85.2,49,1,122900,0,37.45,38.34,1,0,3,0,2,122.13,20.5,135,0,9800
197.39,1,0,1436,0,3463.93,0,174.4,85.2,78,0,122900,0,37.46,38.34,1,0,3,0,2,121.94,20.5,133,0,7200
197.39,1,0,2088,0,3463.93,0,174.4,85.2,322,1,122900,2,37.55,38.34,1,0,7,0,2,122.12,20.5,2841,0,12000
197.39,1,0,2058,0,3463.93,0,174.4,85.2,51,1,122900,0,37.41,38.34,1,0,3,0,2,122.13,20.5,122,0,7300
197.39,0,0,1770,0,3463.93,0,174.4,85.2,43,0,122900,0,37.55,38.34,1,0,1,0,2,122.09,20.5,52,0,8000
197.39,1,0,301,0,3463.93,0,174.4,85.2,95,1,122900,2,37.45,38.34,1,0,6,0,2,122.17,20.5,334,0,16500
197.39,1,0,3396,0,3463.93,0,174.4,85.2,65,1,122900,0,37.39,38.34,1,0,4,0,2,122.22,20.5,140,0,8000
885.11,1,0,658,1,17716.76,1,934.1,702.61,89,1,1154200,2,30.43,48.12,1,0,4,0,6,114.46,542.8,129,0,16000
885.11,0,0,505,0,17716.76,0,934.1,702.61,93,0,1154200,2,30.63,48.12,0,0,3,1,6,114.28,542.8,127,0,25000
885.11,1,0,140,0,17716.76,0,934.1,702.61,102,0,1154200,2,30.57,48.12,0,0,5,1,6,114.23,542.8,175,0,19500
885.11,0,0,710,1,17716.76,0,934.1,702.61,93,1,1154200,2,30.42,48.12,1,0,4,0,6,114.29,542.8,120,0,12900
885.11,1,0,2057,1,17716.76,0,934.1,702.61,49,1,1154200,2,30.64,48.12,0,0,1,0,6,114.39,542.8,62,1,13500
885.11,1,0,201,1,17716.76,1,934.1,702.61,108,1,1154200,2,30.58,48.12,1,0,4,0,6,114.02,542.8,160,0,9200
885.11,1,0,1558,0,17716.76,0,934.1,702.61,50,1,1154200,0,30.58,48.12,0,0,4,0,6,114.29,542.8,168,0,35000
885.11,1,0,1277,1,17716.76,1,934.1,702.61,114,1,1154200,2,30.73,48.12,1,0,5,0,6,114.23,542.8,163,0,11400
885.11,0,0,680,1,17716.76,1,934.1,702.61,125,0,1154200,2,30.52,48.12,0,0,4,0,6,114.26,542.8,280,0,25000
885.11,1,0,658,1,17716.76,1,934.1,702.61,89,1,1154200,2,30.43,48.12,1,0,4,0,6,114.46,542.8,129,0,16000
885.11,0,0,505,0,17716.76,0,934.1,702.61,93,0,1154200,2,30.63,48.12,0,0,3,1,6,114.28,542.8,127,0,25000
885.11,1,0,140,0,17716.76,0,934.1,702.61,102,0,1154200,2,30.57,48.12,0,0,5,1,6,114.23,542.8,175,0,19500
885.11,0,0,710,1,17716.76,0,934.1,702.61,93,1,1154200,2,30.42,48.12,1,0,4,0,6,114.29,542.8,120,0,12900
885.11,1,0,2057,1,17716.76,0,934.1,702.61,49,1,1154200,2,30.64,48.12,0,0,1,0,6,114.39,542.8,62,1,13500
885.11,1,0,201,1,17716.76,1,934.1,702.61,108,1,1154200,2,30.58,48.12,1,0,4,0,6,114.02,542.8,160,0,9200
885.11,1,0,1558,0,17716.76,0,934.1,702.61,50,1,1154200,0,30.58,48.12,0,0,4,0,6,114.29,542.8,168,0,35000
885.11,1,0,1277,1,17716.76,1,934.1,702.61,114,1,1154200,2,30.73,48.12,1,0,5,0,6,114.23,542.8,163,0,11400
885.11,0,0,680,1,17716.76,1,934.1,702.61,125,0,1154200,2,30.52,48.12,0,0,4,0,6,114.26,542.8,280,0,25000
16.2,0,0,2939,0,36.76,0,10.4,4.16,143,0,112800,0,18.77,0.01,1,0,3,0,5,109.53,0.5,156,0,20000
22.16,0,0,1608,0,308.73,0,59.6,8.88,45,1,186700,0,19.54,0.63,1,1,2,0,5,110.84,9.3,83,0,22000
22.16,0,0,2149,0,308.73,0,59.6,8.88,46,1,186700,0,19.56,0.63,1,0,2,0,5,110.81,9.3,84,0,11800
22.16,0,0,1851,0,308.73,0,59.6,8.88,46,0,186700,0,19.54,0.63,1,0,3,0,5,110.81,9.3,87,0,14500
22.16,0,0,1905,0,308.73,0,59.6,8.88,56,0,186700,0,19.54,0.63,1,0,3,0,5,110.82,9.3,115,0,18000
22.16,0,0,1693,0,308.73,0,59.6,8.88,39,0,186700,0,19.79,0.63,1,0,2,0,5,111.01,9.3,71,0,12000
22.16,0,0,1284,0,308.73,0,59.6,8.88,62,0,186700,0,19.77,0.63,0,0,3,0,5,111.0,9.3,97,0,13000
22.16,0,0,1510,0,308.73,0,59.6,8.88,64,1,186700,0,19.55,0.63,1,1,2,0,5,110.82,9.3,85,0,16000
17.72,0,1,3215,0,276.03,0,54.6,7.3,87,0,253900,0,18.67,0.3,0,0,2,0,5,110.31,2.7,113,0,26000
17.72,0,1,3310,0,276.03,0,54.6,7.3,201,0,253900,0,18.67,0.3,0,0,3,0,5,110.31,2.7,206,0,60000
17.72,0,0,2284,0,276.03,0,54.6,7.3,57,0,253900,0,18.77,0.3,0,0,3,0,5,110.42,2.7,106,0,19000
17.72,1,0,1851,0,276.03,0,54.6,7.3,42,0,253900,0,18.72,0.3,1,0,2,0,5,110.25,2.7,89,0,23000
289.64,1,0,220,0,8117.44,0,346.4,196.58,108,0,474900,2,34.33,49.97,0,0,3,0,2,117.19,23.0,119,0,12700
289.64,0,0,105,0,8117.44,0,346.4,196.58,109,0,474900,2,34.21,49.97,0,0,4,0,2,117.21,23.0,140,0,15960
289.64,0,1,387,0,8117.44,0,346.4,196.58,115,0,474900,2,34.22,49.97,0,0,4,0,2,117.32,23.0,172,0,18500
289.64,0,0,738,0,8117.44,0,346.4,196.58,84,0,474900,2,34.37,49.97,1,0,4,0,2,117.38,23.0,309,0,8000
289.64,1,0,851,0,8117.44,0,346.4,196.58,40,0,474900,0,34.25,49.97,1,0,1,0,2,117.27,23.0,60,0,7000
289.64,1,0,416,0,8117.44,0,346.4,196.58,99,0,474900,2,34.29,49.97,1,0,4,0,2,117.09,23.0,140,1,9000
289.64,1,0,1420,0,8117.44,1,346.4,196.58,35,0,474900,0,34.28,49.97,0,0,1,0,2,117.18,23.0,49,0,7900
289.64,0,0,445,0,8117.44,0,346.4,196.58,98,1,474900,2,34.19,49.97,1,0,4,0,2,117.14,23.0,169,0,12300
405.56,0,0,44975,0,7033.89,0,282.8,246.9,66,0,54530,2,24.57,92.52,0,0,4,0,2,118.25,295.2,99,0,27000
405.56,0,0,111,0,7033.89,0,282.8,246.9,68,0,54530,2,24.63,92.52,0,0,3,0,2,118.05,295.2,95,0,25000
405.56,0,0,121,0,7033.89,0,282.8,246.9,64,0,54530,2,24.59,92.52,0,0,3,0,2,118.28,295.2,89,0,30000
405.56,0,0,950,1,7033.89,0,282.8,246.9,81,0,54530,2,24.49,92.52,1,0,4,0,2,117.99,295.2,154,0,29000
405.56,0,0,447,0,7033.89,0,282.8,246.9,49,0,54530,2,24.72,92.52,0,0,4,0,2,118.15,295.2,96,0,24000
405.56,0,0,625,0,7033.89,0,282.8,246.9,60,0,54530,2,24.61,92.52,0,1,4,0,2,118.33,295.2,100,0,25000
405.56,1,0,2180,1,7033.89,0,282.8,246.9,82,1,54530,2,24.59,92.52,0,0,3,0,2,118.03,295.2,118,0,25000
405.56,1,0,574,0,7033.89,0,282.8,246.9,51,0,54530,2,24.59,92.52,0,0,3,0,2,118.03,295.2,138,0,26000
405.56,1,0,1874,1,7033.89,1,282.8,246.9,172,1,54530,0,24.48,92.52,0,0,5,0,2,118.19,295.2,224,0,64000
128.16,1,1,622,0,3232.53,0,125.8,79.06,120,0,103700,2,35.31,11.92,0,0,4,0,6,113.94,2.5,145,0,9600
128.16,1,0,931,0,3232.53,0,125.8,79.06,107,0,103700,2,35.3,11.92,0,0,4,0,6,114.05,2.5,137,0,4500
128.16,1,0,224,0,3232.53,0,125.8,79.06,100,0,103700,2,35.3,11.92,0,1,4,0,6,113.9,2.5,166,0,7500
128.16,1,1,399,0,3232.53,0,125.8,79.06,101,0,103700,2,35.34,11.92,0,0,4,1,6,113.91,2.5,179,0,7800
128.16,1,0,1723,0,3232.53,0,125.8,79.06,380,0,103700,0,35.03,11.92,1,1,5,0,6,113.78,2.5,415,0,11000
128.16,1,0,1631,0,3232.53,0,125.8,79.06,96,0,103700,0,35.0,11.92,1,1,4,0,6,113.71,2.5,190,0,6300
128.16,0,0,1421,0,3232.53,0,125.8,79.06,120,1,103700,0,35.03,11.92,1,1,4,0,6,113.75,2.5,145,0,8500
128.16,1,0,1421,0,3232.53,0,125.8,79.06,157,1,103700,0,35.03,11.92,0,1,4,0,6,113.75,2.5,177,0,15000
128.16,1,0,1421,0,3232.53,0,125.8,79.06,157,1,103700,0,35.03,11.92,0,0,5,0,6,113.75,2.5,177,0,15000
128.16,1,0,2636,0,3232.53,0,125.8,79.06,527,1,103700,0,35.02,11.92,1,1,9,0,6,113.75,2.5,660,0,15000
206.0,1,0,1984,0,5309.43,0,228.1,131.2,41,0,902726,2,32.04,50.99,0,0,2,0,6,112.14,0.5,56,0,11500
206.0,0,0,1219,0,5309.43,0,228.1,131.2,108,0,902726,0,32.1,50.99,1,1,4,0,6,112.13,0.5,137,0,10400
206.0,1,0,1390,0,5309.43,0,228.1,131.2,39,0,902726,0,32.08,50.99,0,1,2,0,6,112.14,0.5,43,0,7500
206.0,1,0,541,0,5309.43,0,228.1,131.2,93,0,902726,2,32.08,50.99,1,1,4,0,6,112.1,0.5,142,0,7200
206.0,1,0,1359,0,5309.43,0,228.1,131.2,95,0,902726,2,32.07,50.99,0,1,4,0,6,112.25,0.5,167,0,8000
206.0,1,0,798,0,5309.43,0,228.1,131.2,98,0,902726,2,32.08,50.99,0,1,4,0,6,112.16,0.5,144,0,9700
206.0,1,0,622,0,5309.43,0,228.1,131.2,108,1,902726,2,32.17,50.99,1,0,3,0,6,112.22,0.5,108,1,5500
206.0,1,0,1245,0,5309.43,0,228.1,131.2,105,0,902726,0,32.13,50.99,0,1,3,0,6,112.77,0.5,121,1,7000
206.0,1,0,512,0,5309.43,0,228.1,131.2,93,0,902726,2,32.08,50.99,1,1,5,0,6,112.12,0.5,184,0,9500
206.0,1,0,1057,0,5309.43,0,228.1,131.2,98,0,902726,2,32.11,50.99,0,1,4,0,6,112.21,0.5,130,1,6500
805.6,1,1,140,0,10688.28,0,957.5,696.72,89,0,267800,2,34.31,99.83,0,0,4,0,3,108.99,53.1,143,0,19500
805.6,0,0,147,0,10688.28,0,957.5,696.72,117,0,267800,2,34.3,99.83,0,1,3,0,3,108.81,53.1,143,0,19800
805.6,0,0,812,0,10688.28,1,957.5,696.72,170,1,267800,0,34.21,99.83,1,0,4,0,3,108.91,53.1,215,0,34000
805.6,1,0,566,0,10688.28,0,957.5,696.72,89,0,267800,2,34.31,99.83,1,0,4,0,3,109.09,53.1,163,0,15000
805.6,1,0,870,1,10688.28,0,957.5,696.72,310,0,267800,0,34.22,99.83,0,1,5,0,3,108.9,53.1,380,0,45000
805.6,1,0,1347,1,10688.28,0,957.5,696.72,35,0,267800,0,34.22,99.83,1,1,2,0,3,108.91,53.1,100,0,18500
805.6,1,0,769,0,10688.28,1,957.5,696.72,84,1,267800,0,34.36,99.83,0,0,4,0,3,108.96,53.1,140,0,15771
76.22,0,0,262,0,2581.32,0,97.5,96.4,98,0,74257,2,34.49,15.6,0,1,4,0,3,108.96,18.6,128,1,11000
76.22,0,1,778,0,2581.32,0,97.5,96.4,99,0,74257,2,34.33,15.6,0,1,4,0,3,108.79,18.6,143,0,18000
76.22,1,1,658,0,2581.32,0,97.5,96.4,89,0,74257,0,34.32,15.6,0,1,3,0,3,108.71,18.6,137,0,13000
76.22,1,0,1428,1,2581.32,0,97.5,96.4,129,0,74257,0,34.32,15.6,0,1,5,0,3,108.71,18.6,223,0,17000
76.22,1,0,1175,0,2581.32,1,97.5,96.4,86,0,74257,0,34.33,15.6,0,1,5,0,3,108.74,18.6,175,0,13000
76.22,1,0,1873,0,2581.32,0,97.5,96.4,149,0,74257,0,34.32,15.6,1,1,5,0,3,108.69,18.6,248,1,16500
76.22,1,0,1675,0,2581.32,0,97.5,96.4,155,1,74257,0,34.31,15.6,1,1,4,0,3,108.65,18.6,180,1,10500
76.22,1,0,1675,0,2581.32,0,97.5,96.4,201,1,74257,0,34.31,15.6,1,1,6,0,3,108.65,18.6,255,1,19500
76.22,0,0,575,1,2581.32,0,97.5,96.4,125,1,74257,0,34.32,15.6,0,1,4,0,3,108.75,18.6,240,0,23000
397.7,1,0,454,0,8711.75,0,319.7,186.88,95,0,177765,2,37.48,89.61,0,0,4,0,2,121.39,66.13,130,0,10500
397.7,0,0,705,1,8711.75,0,319.7,186.88,95,1,177765,2,37.49,89.61,0,1,4,0,2,121.36,66.13,140,0,14800
397.7,1,0,697,1,8711.75,0,319.7,186.88,100,0,177765,2,37.45,89.61,0,0,4,0,2,121.47,66.13,140,0,11000
397.7,1,0,597,1,8711.75,0,319.7,186.88,105,1,177765,2,37.47,89.61,0,1,9,0,2,121.42,66.13,184,0,14000
397.7,1,0,1175,1,8711.75,0,319.7,186.88,236,0,177765,2,37.4,89.61,1,0,5,0,2,121.39,66.13,337,0,20000
397.7,1,0,688,1,8711.75,0,319.7,186.88,95,1,177765,2,37.46,89.61,1,1,3,0,2,121.41,66.13,148,0,10500
397.7,1,0,1693,1,8711.75,0,319.7,186.88,170,0,177765,0,37.48,89.61,1,1,6,0,2,121.41,66.13,1200,0,28000
397.7,1,0,3580,1,8711.75,0,319.7,186.88,271,0,177765,0,37.53,89.61,0,1,4,0,2,121.43,66.13,385,0,24000
397.7,0,0,827,1,8711.75,0,319.7,186.88,90,1,177765,2,37.45,89.61,1,1,3,0,2,121.53,66.13,141,0,9600
190.95,0,0,1239,0,5022.69,0,128.3,89.92,93,0,2034477,0,30.76,40.3,1,1,4,0,6,111.37,21.4,141,1,8000
190.95,1,0,1309,0,5022.69,0,128.3,89.92,76,0,2034477,0,30.73,40.3,1,0,4,0,6,111.33,21.4,140,0,10500
190.95,1,0,795,0,5022.69,0,128.3,89.92,143,0,2034477,0,30.4,40.3,0,0,4,0,6,111.43,21.4,156,1,7800
190.95,1,0,931,0,5022.69,0,128.3,89.92,105,0,2034477,0,30.56,40.3,0,1,4,0,6,111.48,21.4,125,1,5300
101.8,1,0,196,0,1551.06,0,154.9,90.78,90,1,152200,2,40.63,3.71,1,0,4,0,1,115.04,8.5,257,1,7500
101.8,1,0,1023,0,1551.06,0,154.9,90.78,84,0,152200,0,40.79,3.71,0,0,3,0,1,114.84,8.5,125,1,5200
101.8,0,0,44975,0,1551.06,0,154.9,90.78,64,1,152200,2,40.29,3.71,0,0,3,0,1,115.64,8.5,138,0,8000
101.8,1,0,2270,0,1551.06,0,154.9,90.78,53,0,152200,0,40.96,3.71,0,0,4,0,1,115.44,8.5,330,0,25000
101.8,1,0,44975,0,1551.06,0,154.9,90.78,246,1,152200,2,40.29,3.71,0,0,6,0,1,115.64,8.5,576,0,18000
101.8,0,0,1631,0,1551.06,0,154.9,90.78,81,0,152200,0,40.51,3.71,1,0,4,0,1,115.28,8.5,129,1,8200
101.8,0,0,1939,0,1551.06,0,154.9,90.78,200,0,152200,0,40.26,3.71,0,0,4,0,1,115.43,8.5,249,1,14000
101.8,1,0,1274,0,1551.06,0,154.9,90.78,79,0,152200,2,40.81,3.71,1,0,4,0,1,114.9,8.5,180,1,9000
147.29,1,0,1593,0,4763.42,0,103.1,79.3,88,1,178300,0,32.12,53.2,1,1,4,0,2,119.02,19.9,117,0,12000
147.29,0,0,609,0,4763.42,0,103.1,79.3,94,0,178300,2,32.02,53.2,1,1,5,0,2,119.12,19.9,274,0,9000
147.29,0,0,3031,0,4763.42,0,103.1,79.3,50,0,178300,2,31.74,53.2,0,1,6,0,2,119.33,19.9,576,0,15000
147.29,1,0,1620,0,4763.42,0,103.1,79.3,75,1,178300,0,31.82,53.2,1,1,4,0,2,119.02,19.9,125,1,8000
147.29,1,0,2944,0,4763.42,0,103.1,79.3,180,0,178300,0,31.81,53.2,1,1,4,0,2,119.03,19.9,180,1,8500
147.29,1,0,1784,0,4763.42,0,103.1,79.3,92,1,178300,2,32.13,53.2,1,1,3,0,2,119.05,19.9,124,0,10000
147.29,0,0,779,0,4763.42,0,103.1,79.3,81,0,178300,0,32.0,53.2,0,1,4,0,2,119.2,19.9,155,0,10500
147.29,1,0,719,0,4763.42,0,103.1,79.3,103,0,178300,0,31.96,53.2,1,1,4,0,2,119.21,19.9,180,0,7500
121.29,1,0,1754,0,5025.4,0,213.1,90.8,105,0,930900,0,25.06,21.66,0,0,3,1,2,117.56,23.8,130,1,5300
121.29,0,0,1694,0,5025.4,0,213.1,90.8,39,1,930900,0,24.59,21.66,0,0,1,0,2,117.83,23.8,55,0,9500
121.29,1,0,1693,0,5025.4,0,213.1,90.8,114,1,930900,0,24.59,21.66,0,0,3,0,2,117.83,23.8,114,0,16500
121.29,1,0,2161,0,5025.4,0,213.1,90.8,62,0,930900,0,24.39,21.66,1,0,3,0,2,118.07,23.8,112,0,13000
121.29,1,0,2176,0,5025.4,0,213.1,90.8,91,0,930900,0,24.35,21.66,1,0,4,0,2,118.03,23.8,117,0,8999
121.29,1,0,44975,0,5025.4,0,213.1,90.8,65,1,930900,0,24.57,21.66,0,0,1,0,2,117.63,23.8,65,0,16000
670.0,0,0,336,0,12691.02,0,671.0,428.12,97,0,54372,2,34.84,53.33,0,0,4,0,6,113.63,291.1,146,0,18300
670.0,0,0,539,0,12691.02,0,671.0,428.12,131,0,54372,2,34.85,53.33,0,1,4,0,6,113.77,291.1,143,0,18000
670.0,1,0,658,1,12691.02,1,671.0,428.12,58,1,54372,2,34.73,53.33,0,0,3,0,6,113.7,291.1,113,0,9800
670.0,1,0,550,0,12691.02,0,671.0,428.12,78,0,54372,2,34.76,53.33,0,1,4,0,6,113.46,291.1,135,0,6900
670.0,1,0,528,1,12691.02,1,671.0,428.12,91,0,54372,2,34.82,53.33,0,1,7,0,6,113.66,291.1,233,0,18500
670.0,0,0,610,0,12691.02,0,671.0,428.12,75,0,54372,2,34.66,53.33,0,1,3,0,6,113.64,291.1,118,0,10500
670.0,0,0,295,0,12691.02,0,671.0,428.12,86,0,54372,2,34.69,53.33,0,0,3,0,6,113.88,291.1,106,0,7800
670.0,1,1,433,0,12691.02,0,671.0,428.12,96,0,54372,2,34.63,53.33,0,0,4,1,6,113.72,291.1,133,0,7300
670.0,1,0,870,1,12691.02,0,671.0,428.12,79,0,54372,0,34.71,53.33,0,1,3,0,6,113.67,291.1,127,0,13800
670.0,0,0,1023,1,12691.02,0,671.0,428.12,85,0,54372,0,34.68,53.33,1,1,3,0,6,113.82,291.1,151,0,16000
152.85,0,0,1267,1,3882.0,0,148.6,123.35,82,0,166600,2,22.18,103.02,1,0,4,0,5,113.35,211.1,110,0,17800
152.85,0,0,547,0,3882.0,0,148.6,123.35,68,1,166600,0,22.06,103.02,0,0,3,0,5,113.35,211.1,91,0,18000
152.85,0,0,837,1,3882.0,0,148.6,123.35,90,1,166600,2,22.14,103.02,0,0,5,0,5,113.35,211.1,137,0,20000
152.85,0,0,1227,1,3882.0,0,148.6,123.35,104,0,166600,2,22.36,103.02,1,0,4,0,5,113.62,211.1,179,0,37000
152.85,0,0,2240,0,3882.0,0,148.6,123.35,194,1,166600,2,22.24,103.02,1,0,5,0,5,113.59,211.1,346,0,66000
152.85,1,0,1723,0,3882.0,0,148.6,123.35,505,1,166600,2,22.36,103.02,1,0,8,0,5,113.61,211.1,865,0,36000
152.85,1,0,1162,0,3882.0,0,148.6,123.35,59,1,166600,2,22.37,103.02,1,0,4,0,5,113.63,211.1,300,0,35000
152.85,0,0,1815,0,3882.0,0,148.6,123.35,128,1,166600,0,22.22,103.02,1,0,4,0,5,113.5,211.1,235,0,30000
192.01,1,0,779,1,3566.17,0,198.7,79.85,100,1,155800,2,22.56,38.54,0,1,3,0,5,113.47,279.9,110,0,14000
192.01,1,0,1503,0,3566.17,0,198.7,79.85,85,1,155800,2,22.55,38.54,1,1,4,0,5,113.37,279.9,137,0,15000
192.01,0,0,510,1,3566.17,0,198.7,79.85,76,0,155800,2,22.55,38.54,0,1,4,0,5,113.36,279.9,141,0,17500
192.01,1,0,1617,1,3566.17,0,198.7,79.85,89,0,155800,0,22.39,38.54,1,1,4,0,5,113.33,279.9,154,1,9500
192.01,0,0,525,1,3566.17,0,198.7,79.85,82,1,155800,2,22.43,38.54,0,0,4,0,5,113.55,279.9,143,1,12500
192.01,0,0,809,1,3566.17,0,198.7,79.85,91,0,155800,2,22.28,38.54,0,1,4,0,5,113.46,279.9,128,1,11500
192.01,0,0,1144,1,3566.17,0,198.7,79.85,76,0,155800,2,22.25,38.54,0,1,6,0,5,113.49,279.9,200,1,15800
192.01,0,0,2180,1,3566.17,0,198.7,79.85,89,0,155800,2,22.26,38.54,0,1,4,0,5,113.5,279.9,118,1,18600
192.01,1,0,2559,0,3566.17,0,198.7,79.85,93,0,155800,0,22.37,38.54,0,1,3,0,5,113.46,279.9,174,1,12000
