gdp,region,green_space_and_square,urban_district_population,urban_population,urban_district_temporary_population,c_area,c_water_resources,min_frame_area,max_frame_area,biz,decoration,longitude,latitude,min_frame_rooms,max_frame_rooms,near_main_road,shopping,bus,equipment,bussiness_circle,built_house,bj_tj,small_frame,medicine,three_jia,water_scene,tech_house,vr,brand_seller,metro,round_line,greenland,car_park,low_density,big_block,veg_market,mul_trace,entertain,snack,house_type,sale_status,has_short_video,open_date,is_cooperation,is_support_online_sale,experts_recommend,reference_unit_price
3725,1,38.83,289.7,145.6,43.5,206.53,262800,85,128,1,1,116.04,39.53,2,4,1,0,0,0,0,0,0,0,0,0,0,0,0,0,0,0,0,0,0,0,0,0,0,0,0,0,0,583,2,1,0,9000
3725,1,38.83,289.7,145.6,43.5,206.53,262800,81,119,1,0,116.06,39.47,2,3,0,0,0,0,1,0,0,0,0,0,0,0,1,0,0,0,0,0,0,0,0,1,0,0,0,0,0,465,2,1,0,8500
3725,1,38.83,289.7,145.6,43.5,206.53,262800,80,121,1,1,116,39.48,2,3,0,0,0,1,1,0,0,0,0,0,0,0,0,0,0,0,0,0,0,0,0,0,0,0,0,0,0,870,2,0,0,7900
3725,1,38.83,289.7,145.6,43.5,206.53,262800,87,145,1,1,116.04,39.48,3,4,0,1,0,1,0,0,0,0,1,0,0,0,0,0,0,0,0,0,0,0,0,0,0,0,0,0,0,899,2,0,0,8500
3725,1,38.83,289.7,145.6,43.5,206.53,262800,101,125,1,1,116.02,39.58,3,3,0,1,0,0,0,0,0,0,1,0,0,0,0,1,0,0,0,0,0,0,0,0,0,1,0,0,0,1344,0,0,0,12000
982.7,3,1.24,51.7,32.72,8.2,51,564990,95,141,0,1,107.38,40.75,2,3,1,0,0,0,1,0,0,0,0,0,0,0,0,0,0,0,0,0,0,0,0,1,0,0,0,0,0,1144,2,0,0,6200
982.7,3,1.24,51.7,32.72,8.2,51,564990,98,139,0,1,107.38,40.75,2,3,1,0,0,0,1,0,0,0,0,1,0,0,0,0,0,0,0,0,0,0,1,0,0,0,0,0,0,658,2,0,0,6200
982.7,3,1.24,51.7,32.72,8.2,51,564990,110,142,1,1,107.39,40.79,3,3,1,0,0,0,0,0,0,0,0,0,0,0,0,0,0,0,0,0,0,0,0,1,0,0,0,0,0,1144,2,1,0,4500
982.7,3,1.24,51.7,32.72,8.2,51,564990,82,140,0,1,107.36,40.8,2,4,1,0,0,0,1,0,0,0,0,0,0,0,0,0,0,0,0,0,0,0,0,0,0,0,0,0,0,1693,2,0,0,4300
982.7,3,1.24,51.7,32.72,8.2,51,564990,63,124,1,1,107.39,40.77,1,3,0,0,0,0,0,0,0,1,0,0,0,0,0,0,0,0,0,0,0,0,0,0,0,0,0,0,0,1144,2,0,0,5200
1504.43,5,7.95,71.8,40.29,30.5,85.98,192000,56,117,1,0,109.18,21.54,1,4,0,0,1,0,0,0,0,0,0,0,0,0,0,0,0,0,0,0,0,0,0,0,0,0,0,0,1,1236,0,0,0,4999
1504.43,5,7.95,71.8,40.29,30.5,85.98,192000,81,128,1,0,109.18,21.49,2,4,1,0,1,0,0,0,0,0,0,0,0,0,0,0,0,0,0,0,0,0,0,0,0,0,0,0,1,1509,2,0,0,4796
1504.43,5,7.95,71.8,40.29,30.5,85.98,192000,81,128,1,0,109.1,21.46,3,5,0,0,0,0,0,0,0,0,0,0,0,0,1,1,0,0,0,0,0,0,0,0,0,0,0,0,1,615,2,0,0,5600
1504.43,5,7.95,71.8,40.29,30.5,85.98,192000,80,312,1,1,109.13,21.46,2,5,1,0,0,0,1,0,0,0,0,1,0,0,0,0,0,0,0,0,0,0,0,0,0,0,0,0,1,1516,0,0,0,5200
1504.43,5,7.95,71.8,40.29,30.5,85.98,192000,89,133,1,1,109.1,21.47,2,3,0,1,0,1,0,0,0,0,0,0,0,0,0,0,0,0,0,0,0,0,0,0,0,0,0,0,1,779,2,0,0,5300
1504.43,5,7.95,71.8,40.29,30.5,85.98,192000,40,76,1,0,109.1,21.45,1,3,1,0,1,1,0,0,0,0,0,0,0,0,0,0,0,0,0,0,0,0,0,0,0,0,0,0,1,1533,2,0,0,8200
1504.43,5,7.95,71.8,40.29,30.5,85.98,192000,50,100,1,0,109.17,21.43,1,3,1,1,1,0,1,0,0,0,0,0,0,0,0,0,0,0,0,0,0,0,0,0,0,0,0,0,1,1423,0,0,0,10000
1504.43,5,7.95,71.8,40.29,30.5,85.98,192000,79,121,1,0,109.15,21.5,2,3,0,1,1,1,0,0,0,0,0,0,0,0,0,0,0,0,0,0,0,0,0,0,0,0,0,0,0,1449,2,0,0,11000
1504.43,5,7.95,71.8,40.29,30.5,85.98,192000,55,139,1,1,109.1,21.45,1,3,1,0,0,1,0,0,0,0,0,0,0,0,0,0,0,0,0,0,0,0,0,0,0,0,0,0,1,1480,0,0,0,5300
40269.55,1,116.24,2188.6,1916.1,841.8,149.05,257600,220,260,0,1,117.21,40.12,3,3,0,0,0,0,0,0,0,0,0,0,0,0,0,0,0,1,0,0,0,0,0,0,0,0,1,0,1,1672,2,0,0,16000
40269.55,1,116.24,2188.6,1916.1,841.8,149.05,257600,185,199,0,1,116.16,39.73,3,4,0,0,0,0,0,0,0,0,0,0,0,0,0,0,1,1,0,0,0,0,0,0,0,0,1,0,1,1663,2,0,0,58000
40269.55,1,116.24,2188.6,1916.1,841.8,149.05,257600,107,360,0,0,116.51,40.22,2,5,0,0,0,0,0,0,0,0,0,0,0,0,0,0,0,1,0,0,0,0,0,0,0,0,2,0,0,2492,2,0,0,27000
40269.55,1,116.24,2188.6,1916.1,841.8,149.05,257600,100,166,0,0,116.66,39.96,2,4,0,0,1,0,0,0,0,0,0,0,0,0,0,0,0,1,0,0,0,0,0,0,0,0,0,0,1,1266,2,1,0,49000
40269.55,1,116.24,2188.6,1916.1,841.8,149.05,257600,166,228,0,0,116.2,39.73,3,4,0,1,0,0,1,0,0,0,0,0,0,0,0,0,0,0,0,0,0,0,0,0,0,0,0,0,1,1834,2,0,0,50000
40269.55,1,116.24,2188.6,1916.1,841.8,149.05,257600,45,95,0,0,116.36,39.78,1,3,0,0,1,1,0,0,0,0,0,0,0,0,0,0,0,1,0,0,0,0,0,0,0,0,2,0,0,1754,2,0,0,27000
40269.55,1,116.24,2188.6,1916.1,841.8,149.05,257600,300,536,0,1,116.39,40.19,4,5,1,0,0,0,0,0,0,0,0,0,0,0,0,0,0,1,0,0,0,0,0,0,0,0,1,0,1,2394,2,0,0,40000
40269.55,1,116.24,2188.6,1916.1,841.8,149.05,257600,115,293,0,1,116.17,39.77,3,5,0,0,0,1,0,0,0,0,0,0,0,0,0,0,0,1,0,0,0,0,0,1,0,0,0,0,1,1428,2,0,0,38000
40269.55,1,116.24,2188.6,1916.1,841.8,149.05,257600,208,320,0,1,116.06,39.88,3,4,0,0,1,0,0,0,0,0,0,0,0,0,0,0,0,0,0,0,0,0,0,1,0,0,1,0,1,1869,2,1,0,45000
40269.55,1,116.24,2188.6,1916.1,841.8,149.05,257600,290,330,0,1,116.17,39.74,3,5,0,0,1,1,0,0,0,0,0,0,0,0,0,0,1,0,0,0,0,0,0,0,0,0,1,0,1,2058,2,1,0,40000
7103.1,0,133.47,447.4,364.67,125.8,562.42,514593,82,119,0,1,125.25,44.01,2,3,1,1,1,0,0,0,0,0,0,0,0,0,0,0,0,0,0,0,0,0,0,0,0,1,0,0,1,1370,0,0,0,8500
7103.1,0,133.47,447.4,364.67,125.8,562.42,514593,78,139,0,1,125.18,44.08,2,3,0,1,0,0,1,0,0,0,1,0,0,0,0,0,0,0,0,0,0,0,0,0,0,0,0,0,0,1467,0,0,0,5100
7103.1,0,133.47,447.4,364.67,125.8,562.42,514593,83,83,0,1,125.27,44.02,2,2,1,0,1,0,0,0,0,0,0,0,0,0,0,0,0,0,0,0,0,0,0,0,0,0,0,0,1,1002,0,0,0,7300
7103.1,0,133.47,447.4,364.67,125.8,562.42,514593,118,156,1,1,125.43,43.78,1,3,0,1,0,0,0,0,0,0,1,0,0,0,0,1,0,0,0,0,0,0,0,0,1,0,0,0,0,1611,0,0,0,12500
7103.1,0,133.47,447.4,364.67,125.8,562.42,514593,70,154,0,1,125.39,43.93,2,4,1,0,1,0,1,0,0,0,0,0,0,0,0,0,0,0,0,0,0,0,1,0,0,0,0,0,1,992,2,0,0,8000
7103.1,0,133.47,447.4,364.67,125.8,562.42,514593,88,128,0,0,125.36,43.91,2,3,0,0,0,0,1,0,0,0,0,0,0,0,0,0,1,0,0,0,0,0,0,1,0,0,0,0,1,960,2,0,0,12000
7103.1,0,133.47,447.4,364.67,125.8,562.42,514593,345,370,1,1,125.41,43.77,5,5,1,1,0,0,0,0,0,0,1,0,0,0,0,0,0,0,0,0,0,0,0,0,1,0,1,0,0,1554,0,0,0,16000
7103.1,0,133.47,447.4,364.67,125.8,562.42,514593,108,147,0,0,125.4,43.98,3,3,1,1,1,0,0,0,0,0,0,0,0,0,0,0,0,0,0,0,0,0,0,0,1,0,0,0,1,1451,0,0,0,10500
7103.1,0,133.47,447.4,364.67,125.8,562.42,514593,115,149,1,0,125.39,43.83,3,4,1,1,0,1,0,0,0,0,1,0,0,0,0,0,0,0,0,0,0,0,0,0,0,0,0,0,1,863,2,0,0,12000
3362.1,2,30.87,78,64.62,20.6,110.59,628600,94,124,1,1,118.5,32.18,3,4,1,1,1,0,1,0,0,0,0,0,0,0,0,0,0,0,0,0,0,0,0,0,0,0,0,0,0,1728,0,0,0,7800
3362.1,2,30.87,78,64.62,20.6,110.59,628600,112,145,1,1,118.46,32.19,3,4,1,1,0,0,0,0,0,0,0,0,0,0,0,0,0,0,0,0,0,0,0,0,0,1,0,0,0,1684,0,0,0,5800
3362.1,2,30.87,78,64.62,20.6,110.59,628600,98,196,1,1,118.42,32.19,3,5,1,1,0,0,0,0,0,0,0,0,0,0,0,1,0,0,0,0,0,0,0,0,0,0,0,0,0,1014,0,0,0,6000
3362.1,2,30.87,78,64.62,20.6,110.59,628600,89,106,1,1,118.58,32.25,2,3,1,1,0,0,0,0,0,0,0,0,0,0,0,0,0,0,0,0,0,0,0,0,0,1,0,0,0,1914,0,0,0,9700
3362.1,2,30.87,78,64.62,20.6,110.59,628600,117,133,1,1,118.59,32.25,3,4,1,1,0,0,1,0,0,0,1,0,0,0,0,0,0,0,0,0,0,0,0,0,0,0,0,0,0,1768,0,0,0,6900
3362.1,2,30.87,78,64.62,20.6,110.59,628600,78,106,1,0,118.6,32.24,3,3,1,1,0,0,0,0,0,0,1,0,0,0,0,0,0,0,0,0,0,0,0,0,0,1,0,0,0,1754,0,0,0,11000
13270.7,6,23.18,509.7,509.69,143.7,437.9,1232000,41,120,0,1,113.08,28.19,1,1,0,0,1,1,0,0,0,0,0,0,0,0,0,0,0,1,0,0,0,0,0,0,0,0,2,0,0,2029,0,0,0,17000
13270.7,6,23.18,509.7,509.69,143.7,437.9,1232000,36,51,0,1,113.01,28.15,1,1,0,0,0,0,0,0,0,0,0,0,0,0,0,0,1,1,0,0,0,0,0,0,0,0,2,0,1,1715,2,0,0,7000
13270.7,6,23.18,509.7,509.69,143.7,437.9,1232000,88,127,0,1,112.89,28.31,3,4,0,1,0,1,0,0,0,0,0,0,0,0,0,0,0,1,0,0,0,0,0,0,0,0,0,0,1,1699,0,0,0,6200
13270.7,6,23.18,509.7,509.69,143.7,437.9,1232000,78,139,0,1,113.03,28.24,2,4,0,1,1,1,0,0,0,0,0,0,0,0,0,0,0,1,0,0,0,0,0,0,0,0,0,0,0,4116,2,0,2,9800
13270.7,6,23.18,509.7,509.69,143.7,437.9,1232000,87,114,0,1,113,28.23,2,3,0,0,1,1,1,0,0,0,0,0,0,0,0,0,1,0,0,0,0,0,0,0,0,0,0,0,1,952,0,0,0,12000
27894.02,4,321.39,2649.8,1322.63,429.5,1645.38,7668559,79,149,0,1,106.45,29.43,3,5,0,0,1,1,1,0,0,0,0,0,0,0,0,0,0,1,0,0,0,0,0,0,0,0,0,0,1,658,2,0,15,13000
27894.02,4,321.39,2649.8,1322.63,429.5,1645.38,7668559,251,286,0,1,106.83,29.71,3,5,0,0,1,0,0,0,0,0,0,0,0,0,0,0,0,1,0,0,0,0,0,0,0,0,1,0,1,870,2,0,1,10000
27894.02,4,321.39,2649.8,1322.63,429.5,1645.38,7668559,230,230,0,1,106.54,29.67,3,5,0,0,0,1,1,0,0,0,0,0,0,0,0,0,1,0,0,0,0,0,0,1,0,0,0,0,1,841,0,0,6,27000
27894.02,4,321.39,2649.8,1322.63,429.5,1645.38,7668559,95,140,0,1,106.81,29.71,3,4,1,0,0,1,0,0,0,0,0,0,0,0,0,0,0,1,0,0,0,0,0,0,0,0,0,0,0,204,2,0,5,10000
27894.02,4,321.39,2649.8,1322.63,429.5,1645.38,7668559,81,223,0,1,106.83,29.71,3,4,0,1,1,0,1,0,0,0,0,0,0,0,0,0,0,1,0,0,0,0,0,0,0,0,0,0,1,354,2,0,5,12000
27894.02,4,321.39,2649.8,1322.63,429.5,1645.38,7668559,227,897,0,1,106.47,29.71,5,9,0,1,0,0,0,0,0,0,0,0,0,0,1,0,0,1,0,0,0,0,0,0,0,1,1,0,1,747,2,0,0,13000
27894.02,4,321.39,2649.8,1322.63,429.5,1645.38,7668559,86,138,0,1,106.79,29.69,3,4,0,1,1,0,0,0,0,0,0,0,0,0,0,0,0,1,0,0,0,0,0,0,1,0,0,0,1,763,0,0,1,14000
27894.02,4,321.39,2649.8,1322.63,429.5,1645.38,7668559,121,137,0,1,106.79,29.69,4,4,0,1,1,0,0,0,0,0,0,0,0,0,0,0,0,1,0,0,0,0,0,0,0,0,1,0,0,832,0,0,0,15000
27894.02,4,321.39,2649.8,1322.63,429.5,1645.38,7668559,275,876,0,1,106.6,29.55,3,5,0,1,1,1,0,0,0,0,0,0,0,0,0,0,1,0,0,0,0,0,0,0,0,0,0,0,0,2698,0,0,4,56000
19916.98,4,159,1127,931.29,289.8,1055.79,1222300,90,162,0,0,104.05,30.48,3,4,0,0,0,0,0,0,0,0,0,0,0,0,0,1,0,0,1,1,0,0,0,0,0,0,0,0,0,235,2,0,8,27000
19916.98,4,159,1127,931.29,289.8,1055.79,1222300,114,132,0,0,103.99,30.73,3,4,0,0,0,0,0,0,0,0,0,0,0,0,0,1,0,0,0,0,1,0,0,0,0,0,0,0,0,44975,2,0,0,24500
19916.98,4,159,1127,931.29,289.8,1055.79,1222300,41,51,0,1,104.09,30.81,1,2,0,0,0,0,0,0,0,1,0,0,0,0,1,0,0,0,0,0,0,0,0,0,0,0,2,0,1,558,2,0,16,6100
19916.98,4,159,1127,931.29,289.8,1055.79,1222300,89,126,0,0,104.13,30.71,3,4,0,0,0,0,0,0,0,0,0,0,0,0,0,1,0,0,1,0,1,0,0,0,0,0,0,0,0,44975,2,0,9,22800
19916.98,4,159,1127,931.29,289.8,1055.79,1222300,89,161,0,1,104.09,30.39,2,4,0,0,0,0,0,0,0,0,0,0,0,0,0,1,0,0,0,0,0,1,0,0,0,0,0,0,0,178,2,0,10,21000
7825.95,0,129.88,414.2,353.77,25,444.04,579600,90,138,0,0,121.53,39.01,3,3,1,0,0,0,1,0,0,0,0,0,0,0,0,0,0,0,0,0,0,0,0,1,0,0,0,0,0,610,2,0,0,18500
7825.95,0,129.88,414.2,353.77,25,444.04,579600,83,122,1,0,121.53,38.87,2,3,1,0,0,0,1,0,0,0,0,0,0,0,1,1,0,0,0,0,0,0,0,0,0,0,0,0,1,512,2,0,0,30000
7825.95,0,129.88,414.2,353.77,25,444.04,579600,83,125,0,0,121.71,39.11,2,4,1,0,1,1,1,0,0,0,0,0,0,0,0,0,0,0,0,0,0,0,0,0,0,0,0,0,0,535,2,0,0,12000
7825.95,0,129.88,414.2,353.77,25,444.04,579600,80,129,0,0,121.47,38.99,2,4,1,0,0,0,1,0,0,0,0,0,0,0,0,0,0,0,0,0,0,0,1,1,0,0,0,0,0,560,2,1,0,16500
7825.95,0,129.88,414.2,353.77,25,444.04,579600,63,85,0,1,121.82,39.02,1,2,0,1,1,1,0,0,0,0,0,0,0,0,0,0,0,0,0,0,0,0,0,0,0,0,0,0,1,1645,0,0,0,10500
7825.95,0,129.88,414.2,353.77,25,444.04,579600,54,96,0,0,121.87,39.06,1,2,0,1,1,1,0,0,0,0,0,0,0,0,0,0,1,0,0,0,0,0,0,0,0,0,0,0,1,1053,2,0,0,12500
7825.95,0,129.88,414.2,353.77,25,444.04,579600,47,96,0,1,121.19,38.83,1,2,0,0,0,0,0,0,0,0,0,0,0,0,1,0,0,0,0,0,0,0,1,0,0,0,0,0,1,627,2,0,0,6000
7825.95,0,129.88,414.2,353.77,25,444.04,579600,81,133,0,1,121.23,38.8,3,4,0,1,0,1,0,0,0,0,0,0,0,0,0,0,0,0,0,0,0,0,0,0,0,0,0,0,0,1329,2,0,0,4700
7825.95,0,129.88,414.2,353.77,25,444.04,579600,96,162,0,1,121.49,38.92,2,3,0,0,1,1,0,0,0,0,0,0,0,0,0,0,0,0,0,0,0,0,0,0,0,0,1,0,1,1236,2,0,0,33000
10855.35,5,422.53,278.6,278.61,651.1,1194.31,200195,83,130,1,0,113.72,22.94,3,4,0,0,0,0,0,0,0,0,0,0,0,0,1,1,0,0,1,0,0,1,0,0,0,0,0,0,1,566,0,0,0,23000
10855.35,5,422.53,278.6,278.61,651.1,1194.31,200195,97,142,1,1,114,22.95,3,4,0,0,0,0,0,0,0,0,0,0,0,0,1,1,0,0,1,0,0,0,0,0,0,0,0,0,0,179,2,0,0,22000
10855.35,5,422.53,278.6,278.61,651.1,1194.31,200195,75,117,0,0,113.9,22.96,2,3,0,1,1,1,0,0,0,0,0,0,0,0,0,0,1,0,0,0,0,0,0,0,0,0,2,0,1,2457,0,0,0,18800
10855.35,5,422.53,278.6,278.61,651.1,1194.31,200195,80,247,1,1,113.88,23.12,2,5,0,0,1,1,1,0,0,0,0,0,0,0,0,0,0,0,0,0,0,0,0,1,0,0,0,0,1,792,0,0,0,16800
10855.35,5,422.53,278.6,278.61,651.1,1194.31,200195,101,140,1,0,113.62,22.83,3,4,0,1,0,0,0,0,0,0,1,0,0,0,1,0,0,0,0,0,0,0,0,0,1,0,0,0,1,556,0,0,0,27500
10855.35,5,422.53,278.6,278.61,651.1,1194.31,200195,86,124,1,1,114.08,22.98,2,3,0,1,1,0,0,0,0,0,1,0,0,0,0,0,0,0,0,0,0,0,0,0,1,0,0,0,1,492,0,0,0,17000
10855.35,5,422.53,278.6,278.61,651.1,1194.31,200195,65,120,1,1,113.9,23.12,2,3,1,0,0,1,1,0,0,0,0,0,0,0,0,0,0,0,0,0,0,0,0,1,0,0,0,0,1,802,2,0,0,20000
395.33,5,2.35,97.6,19.38,19.4,36.32,145900,62,122,0,0,109.22,19.68,1,3,1,1,0,0,0,0,0,1,0,0,0,0,0,0,0,0,0,0,0,0,0,0,0,1,0,0,0,1860,0,0,0,16000
395.33,5,2.35,97.6,19.38,19.4,36.32,145900,98,140,0,1,109.6,19.55,3,4,1,0,0,1,1,0,0,0,1,0,0,0,0,0,0,0,0,0,0,0,0,0,0,0,0,0,0,1977,0,0,0,9000
395.33,5,2.35,97.6,19.38,19.4,36.32,145900,70,79,0,1,109.56,19.52,2,2,1,0,0,1,1,0,0,0,1,0,0,0,0,0,0,0,0,0,0,0,0,0,0,0,0,0,0,1259,0,0,0,9300
395.33,5,2.35,97.6,19.38,19.4,36.32,145900,45,105,0,0,109.23,19.7,1,2,1,1,0,0,1,0,0,0,1,0,0,0,0,0,0,0,0,0,0,0,0,0,0,0,0,0,0,2135,0,0,0,15800
395.33,5,2.35,97.6,19.38,19.4,36.32,145900,102,142,0,0,109.6,19.54,3,4,1,0,0,0,1,0,0,0,0,0,0,0,0,0,0,0,0,0,0,0,0,0,0,0,0,0,0,1568,0,0,0,9650
395.33,5,2.35,97.6,19.38,19.4,36.32,145900,110,110,0,1,109.6,19.53,3,3,1,0,0,1,1,0,0,0,1,0,0,0,0,0,0,0,0,0,0,0,0,0,0,0,2,0,0,1894,0,0,0,11000
395.33,5,2.35,97.6,19.38,19.4,36.32,145900,89,171,0,1,109.61,19.54,3,4,1,0,0,1,1,0,0,0,0,1,0,0,0,0,0,0,0,0,0,0,0,0,0,0,0,0,0,1939,0,0,0,9000
395.33,5,2.35,97.6,19.38,19.4,36.32,145900,98,128,0,1,109.59,19.55,3,4,1,0,0,1,1,0,0,0,1,0,0,0,0,0,0,0,0,0,0,0,0,0,0,0,0,0,0,1205,0,0,0,10000
2656.56,4,25.41,95.6,54.65,22.2,98.53,504200,90,143,1,1,104.28,31.01,3,4,0,1,1,1,0,0,0,0,1,0,0,0,0,0,0,0,0,0,0,0,0,0,0,0,0,0,0,798,0,0,0,7000
2656.56,4,25.41,95.6,54.65,22.2,98.53,504200,89,138,1,1,104.26,31,3,4,0,1,0,0,0,0,0,0,1,0,0,0,1,0,0,0,0,0,0,0,0,0,1,0,0,0,0,870,0,0,0,6500
2656.56,4,25.41,95.6,54.65,22.2,98.53,504200,100,145,1,1,104.29,30.95,2,3,0,1,1,0,0,0,0,0,0,0,0,0,0,0,0,0,0,0,0,0,0,0,1,0,0,0,0,1389,0,0,0,6300
2656.56,4,25.41,95.6,54.65,22.2,98.53,504200,78,123,1,1,104.3,31,2,3,1,0,1,1,0,0,0,0,0,0,0,0,0,0,0,0,0,0,0,0,0,0,0,0,2,0,0,597,0,0,0,4500
2656.56,4,25.41,95.6,54.65,22.2,98.53,504200,110,198,0,1,104.4,31.11,3,4,1,0,0,1,1,0,0,0,0,0,0,0,0,0,0,0,0,0,0,0,0,0,0,0,0,0,0,1023,0,0,0,10500
2656.56,4,25.41,95.6,54.65,22.2,98.53,504200,93,124,1,1,104.29,31.01,3,4,0,1,0,1,0,0,0,0,0,0,0,0,0,0,0,0,0,0,0,0,0,0,0,0,0,0,1,788,0,0,0,5600
2351.7,4,6.58,173.3,110.24,34,144.34,982600,75,106,0,1,107.51,31.17,3,4,1,0,0,0,1,0,0,0,0,1,0,0,0,0,0,0,0,0,0,0,0,0,0,0,0,0,0,663,2,0,0,6200
2351.7,4,6.58,173.3,110.24,34,144.34,982600,84,93,0,1,107.45,31.21,3,4,0,0,0,0,0,0,0,0,0,0,0,0,1,1,0,0,0,0,0,0,0,0,0,0,0,0,0,273,2,0,0,4988
2351.7,4,6.58,173.3,110.24,34,144.34,982600,103,195,0,1,107.49,31.22,3,4,1,0,0,1,1,0,0,0,0,1,0,0,0,0,0,0,0,0,0,0,0,0,0,0,0,0,0,1515,0,0,0,8500
2351.7,4,6.58,173.3,110.24,34,144.34,982600,69,87,0,1,107.51,31.18,2,3,1,0,0,0,1,0,0,0,0,0,0,0,0,0,0,0,0,0,0,0,0,1,0,0,2,0,0,1481,2,0,0,4800
2351.7,4,6.58,173.3,110.24,34,144.34,982600,157,157,0,1,107.47,31.23,4,4,0,1,1,1,0,0,0,0,0,0,0,0,0,0,0,0,0,0,0,0,0,0,0,0,1,0,0,1714,0,0,0,13000
2351.7,4,6.58,173.3,110.24,34,144.34,982600,91,112,0,1,107.43,31.2,3,3,1,0,0,0,1,0,0,0,0,0,0,0,0,0,0,0,0,0,0,0,0,0,0,0,2,0,0,1469,0,0,0,4500
2351.7,4,6.58,173.3,110.24,34,144.34,982600,84,118,0,1,107.52,31.18,3,4,0,0,1,1,1,0,0,0,0,0,0,0,0,0,0,0,0,0,0,0,0,1,0,0,0,0,0,1274,2,0,0,7300
2351.7,4,6.58,173.3,110.24,34,144.34,982600,19,19,0,1,107.46,31.22,1,1,0,1,1,1,0,0,0,0,1,0,0,0,0,0,0,0,0,0,0,0,0,0,0,0,2,0,0,1383,2,0,0,20000
1632.99,4,4.98,65.3,34.73,11.9,54.85,119980,106,147,0,1,100.29,25.63,3,4,0,0,0,0,0,0,0,0,0,0,0,0,0,1,0,0,0,0,0,1,0,0,0,0,0,0,0,317,2,0,0,7500
1632.99,4,4.98,65.3,34.73,11.9,54.85,119980,51,156,0,0,100.3,25.65,1,4,0,1,1,0,0,0,0,1,0,0,0,0,0,0,0,0,0,0,0,0,0,0,0,0,0,0,0,753,2,1,0,15000
1632.99,4,4.98,65.3,34.73,11.9,54.85,119980,77,146,0,1,100.22,25.61,2,4,1,1,0,1,0,0,0,0,1,0,0,0,0,0,0,0,0,0,0,0,0,0,0,0,0,0,0,1344,0,0,0,14000
1632.99,4,4.98,65.3,34.73,11.9,54.85,119980,232,256,0,1,100.29,25.65,5,6,1,1,1,0,0,0,0,0,0,0,0,0,0,0,0,0,0,0,0,0,0,0,0,1,1,0,0,1988,2,1,0,13000
1632.99,4,4.98,65.3,34.73,11.9,54.85,119980,90,249,0,1,100.29,25.64,2,5,1,1,0,0,1,0,0,0,1,0,0,0,0,0,0,0,0,0,0,0,0,0,0,0,0,0,0,2289,2,1,0,10000
1632.99,4,4.98,65.3,34.73,11.9,54.85,119980,61,475,0,1,100.17,25.68,2,8,1,1,1,1,0,0,0,0,0,0,0,0,0,0,0,0,0,0,0,0,0,0,0,0,1,0,0,3792,2,0,0,20000
1632.99,4,4.98,65.3,34.73,11.9,54.85,119980,81,205,0,1,100.29,25.64,2,5,0,1,1,0,0,0,0,0,0,0,0,0,0,0,0,0,0,0,0,0,0,0,0,1,0,0,0,2088,0,0,0,9000
1632.99,4,4.98,65.3,34.73,11.9,54.85,119980,107,145,0,0,100.28,25.64,2,3,1,1,1,0,1,0,0,0,0,0,0,0,0,0,0,0,0,0,0,0,0,0,0,0,2,0,0,1952,0,0,0,14000
1632.99,4,4.98,65.3,34.73,11.9,54.85,119980,106,106,0,1,100.18,25.66,3,3,1,1,1,0,0,0,0,0,0,0,0,0,0,0,0,0,0,0,0,0,0,0,1,0,1,0,0,2805,0,0,0,18800
1632.99,4,4.98,65.3,34.73,11.9,54.85,119980,56,238,0,0,100.13,25.72,2,5,0,0,0,0,0,1,0,1,0,0,0,0,1,0,0,0,0,0,0,0,0,0,0,0,1,0,0,1875,0,0,0,35000
1200,6,3.9,111.5,30.12,3.4,37.57,203497,109,131,0,1,114.9,30.36,3,4,1,0,0,1,1,0,0,0,0,0,0,0,0,0,0,0,0,0,0,0,0,0,0,0,0,0,0,1209,0,0,0,6600
1200,6,3.9,111.5,30.12,3.4,37.57,203497,123,123,0,1,114.92,30.38,3,3,0,1,0,1,0,1,0,0,1,0,0,0,0,0,0,0,0,0,0,0,0,0,0,0,0,0,0,1625,0,0,0,6900
1200,6,3.9,111.5,30.12,3.4,37.57,203497,77,129,0,1,114.66,30.41,2,3,0,0,0,0,0,0,0,0,0,0,0,0,1,1,0,0,0,0,0,0,0,0,0,0,0,0,0,1374,0,0,0,5000
1200,6,3.9,111.5,30.12,3.4,37.57,203497,92,113,0,1,114.66,30.49,3,3,1,1,0,0,1,0,0,0,1,0,0,0,0,0,0,0,0,0,0,0,0,0,0,0,0,0,0,941,2,0,0,9900
1200,6,3.9,111.5,30.12,3.4,37.57,203497,94,128,0,0,114.69,30.54,3,4,1,0,1,0,0,0,0,0,0,0,0,0,0,0,0,0,0,0,0,0,0,0,0,0,0,0,0,1633,2,0,0,5800
1200,6,3.9,111.5,30.12,3.4,37.57,203497,112,142,0,1,114.91,30.36,3,4,0,1,1,1,0,0,0,0,1,0,0,0,0,0,0,0,0,0,0,0,0,0,0,0,0,0,0,1133,2,0,0,6500
1200,6,3.9,111.5,30.12,3.4,37.57,203497,103,140,0,1,114.67,30.47,3,4,0,1,0,0,0,0,0,0,1,0,0,0,1,0,0,0,0,0,0,0,0,0,0,1,0,0,0,1191,2,0,0,7000
1200,6,3.9,111.5,30.12,3.4,37.57,203497,82,114,0,1,114.66,30.49,2,3,0,1,0,0,0,0,0,0,1,0,0,0,0,0,0,0,0,0,0,0,0,0,0,1,0,0,0,1236,2,0,0,8300
1200,6,3.9,111.5,30.12,3.4,37.57,203497,94,125,0,1,114.66,30.49,3,4,1,1,1,0,0,0,0,0,0,0,0,0,0,0,0,0,0,0,0,0,0,0,1,0,0,0,0,1020,2,0,0,9500
12156.54,5,44.05,516.3,141.54,305.3,163.82,296300,86,117,0,0,113.2,23.19,3,4,1,0,0,0,1,0,0,0,0,0,0,0,0,0,0,0,0,0,0,0,0,0,0,0,0,0,1,616,2,0,0,26000
12156.54,5,44.05,516.3,141.54,305.3,163.82,296300,85,128,0,0,113.11,22.99,3,4,0,0,0,1,1,0,0,0,0,0,0,0,0,0,1,0,0,0,0,0,0,1,0,0,0,0,1,540,2,0,4,21500
12156.54,5,44.05,516.3,141.54,305.3,163.82,296300,25,125,0,0,113.25,22.98,1,3,0,0,0,0,0,0,0,1,0,0,0,0,0,1,0,0,1,0,0,0,0,0,0,0,0,0,0,568,2,0,4,25500
12156.54,5,44.05,516.3,141.54,305.3,163.82,296300,76,132,0,0,113.09,22.87,2,5,0,0,0,0,1,0,0,0,0,0,0,0,0,0,0,0,0,0,0,0,0,0,0,0,0,0,0,400,2,0,0,12800
12156.54,5,44.05,516.3,141.54,305.3,163.82,296300,83,116,0,0,113.22,22.9,3,5,0,0,0,0,0,0,0,0,0,0,0,0,1,1,0,0,0,0,0,0,0,0,0,0,0,0,0,175,2,0,0,15800
12156.54,5,44.05,516.3,141.54,305.3,163.82,296300,82,130,0,0,112.88,23.13,2,4,0,1,1,0,0,0,0,0,1,0,0,0,0,0,0,0,0,0,0,0,0,0,0,1,0,0,1,658,2,0,1,8300
12156.54,5,44.05,516.3,141.54,305.3,163.82,296300,64,145,0,0,113.01,23.09,2,4,1,1,0,0,0,0,0,0,1,0,0,0,0,0,0,0,0,0,0,0,0,0,1,0,0,0,1,992,2,0,0,16000
12156.54,5,44.05,516.3,141.54,305.3,163.82,296300,40,225,0,1,113.25,22.97,1,4,0,1,1,1,0,0,0,0,1,0,0,0,0,0,0,0,0,0,0,0,0,0,0,0,0,0,1,1526,0,0,0,22000
12156.54,5,44.05,516.3,141.54,305.3,163.82,296300,40,171,0,1,113.14,22.97,1,4,0,0,0,1,1,0,0,0,0,0,0,0,0,0,1,0,0,0,0,0,0,1,0,0,0,0,1,1479,0,0,0,21000
12156.54,5,44.05,516.3,141.54,305.3,163.82,296300,101,171,0,1,112.9,22.87,2,4,0,0,1,0,0,0,0,0,0,0,0,0,0,0,0,0,0,0,0,0,0,0,0,0,0,0,1,717,0,0,0,5800
815.88,5,9.05,60.4,19.78,8.3,51.21,680000,52,92,1,1,108.38,21.67,1,3,0,1,0,0,0,0,0,1,1,0,0,0,0,0,0,0,0,0,0,0,0,0,0,1,0,0,0,1450,0,0,0,6000
815.88,5,9.05,60.4,19.78,8.3,51.21,680000,65,117,1,1,108.38,21.68,2,4,1,1,0,1,0,0,0,0,1,0,0,0,0,0,0,0,0,0,0,0,0,0,0,0,0,0,1,1509,0,0,0,6500
815.88,5,9.05,60.4,19.78,8.3,51.21,680000,80,133,1,0,108.37,21.68,2,4,1,1,0,0,0,0,0,0,1,0,0,0,0,0,0,0,0,0,0,0,0,0,0,1,0,1,0,1386,0,0,0,8500
815.88,5,9.05,60.4,19.78,8.3,51.21,680000,27,102,1,0,108.38,21.68,1,3,1,1,0,0,0,0,0,0,0,1,0,0,0,0,0,0,0,0,0,0,0,0,0,1,0,1,0,1230,0,0,0,8000
815.88,5,9.05,60.4,19.78,8.3,51.21,680000,63,98,1,1,108.37,21.67,2,3,1,1,1,0,1,0,0,0,0,0,0,0,0,0,0,0,0,0,0,0,0,0,0,0,0,0,0,1601,0,0,0,6800
815.88,5,9.05,60.4,19.78,8.3,51.21,680000,89,141,1,1,108.37,21.67,3,4,1,1,0,0,0,0,0,0,1,0,0,0,0,0,0,0,0,0,0,0,0,0,0,1,0,0,0,1217,0,0,0,9000
815.88,5,9.05,60.4,19.78,8.3,51.21,680000,99,107,1,1,108.43,21.71,3,3,1,1,0,0,1,0,0,0,0,0,0,0,0,0,0,0,0,0,0,0,0,0,0,0,0,0,1,1622,0,0,0,5400
28231.97,5,194.34,1011.5,739.09,726.6,1350.4,736432,78,128,0,1,113.51,22.82,2,4,0,0,0,0,1,0,0,0,0,0,0,0,0,0,0,0,0,0,0,0,0,1,0,0,0,0,0,443,2,0,4,28000
28231.97,5,194.34,1011.5,739.09,726.6,1350.4,736432,81,122,0,1,113.6,23.29,3,4,1,0,0,0,0,0,0,0,0,0,0,0,0,0,0,0,0,0,0,0,0,1,0,0,0,0,1,641,2,0,10,25000
28231.97,5,194.34,1011.5,739.09,726.6,1350.4,736432,85,142,0,0,113.51,23.16,2,4,1,0,0,0,1,0,0,0,0,0,0,0,0,0,0,0,0,0,0,0,1,0,0,0,0,0,1,190,2,0,9,35200
28231.97,5,194.34,1011.5,739.09,726.6,1350.4,736432,66,106,0,0,113.61,23.23,2,3,0,0,0,0,0,0,0,0,0,0,0,0,1,1,0,0,0,0,0,0,0,0,0,0,0,0,0,516,2,0,0,14000
28231.97,5,194.34,1011.5,739.09,726.6,1350.4,736432,86,130,0,0,113.56,22.77,3,4,1,0,0,0,0,0,0,0,0,0,0,0,1,0,0,0,0,0,0,0,0,0,0,0,0,0,1,792,2,0,2,26000
28231.97,5,194.34,1011.5,739.09,726.6,1350.4,736432,79,110,0,0,113.52,22.76,2,3,0,0,0,0,0,0,0,0,0,1,0,0,0,0,0,0,0,0,0,0,1,0,0,0,0,0,0,435,2,0,4,33000
28231.97,5,194.34,1011.5,739.09,726.6,1350.4,736432,95,121,0,0,113.6,22.75,3,3,0,0,0,1,1,0,0,0,0,0,0,0,0,0,1,0,0,0,0,0,0,1,0,0,0,0,1,1389,0,0,0,25000
28231.97,5,194.34,1011.5,739.09,726.6,1350.4,736432,98,138,0,0,113.33,23.31,3,4,1,0,1,0,0,0,0,0,0,0,0,0,0,0,0,0,0,0,0,0,0,0,0,0,0,0,1,1662,0,0,3,27500
28231.97,5,194.34,1011.5,739.09,726.6,1350.4,736432,90,205,0,0,113.58,23.16,3,5,0,1,1,0,0,0,0,0,1,0,0,0,0,0,0,0,0,0,0,0,0,0,1,0,0,0,1,843,0,0,6,23000
2311,5,15.89,136.9,97.28,6.9,134.67,4260000,78,135,1,1,110.15,25.24,2,4,1,0,0,0,0,0,0,0,0,0,0,0,0,0,0,0,0,0,0,0,1,0,0,0,0,0,1,996,2,0,0,5300
2311,5,15.89,136.9,97.28,6.9,134.67,4260000,89,166,1,1,110.3,25.34,3,5,1,0,0,0,1,0,0,0,0,0,0,0,1,0,0,0,0,0,0,0,0,0,0,0,0,0,1,1237,2,0,0,5200
2311,5,15.89,136.9,97.28,6.9,134.67,4260000,93,143,1,1,110.17,25.24,3,4,1,1,1,0,1,0,0,0,0,0,0,0,0,0,0,0,0,0,0,0,0,0,0,0,0,0,0,1266,2,0,0,5700
2311,5,15.89,136.9,97.28,6.9,134.67,4260000,74,135,1,1,110.19,25.25,2,4,1,0,0,1,1,0,0,0,0,1,0,0,0,0,0,0,0,0,0,0,0,0,0,0,0,0,0,1678,2,0,0,5200
2311,5,15.89,136.9,97.28,6.9,134.67,4260000,89,143,1,1,110.32,25.23,3,4,0,0,0,0,1,1,0,0,0,0,0,0,1,1,0,0,0,0,0,0,0,0,0,0,0,0,1,976,2,1,0,7100
2311,5,15.89,136.9,97.28,6.9,134.67,4260000,61,119,1,1,110.19,25.26,1,3,0,0,0,1,1,0,0,1,1,0,0,0,0,0,0,0,0,0,0,0,0,0,0,0,0,0,0,1645,2,0,0,5900
2311,5,15.89,136.9,97.28,6.9,134.67,4260000,71,245,1,1,110.18,25.26,2,5,0,1,1,0,1,0,0,0,0,0,0,0,0,0,0,0,0,0,0,0,0,1,0,0,0,0,1,1297,2,0,0,6000
2311,5,15.89,136.9,97.28,6.9,134.67,4260000,103,141,1,1,110.33,25.25,3,4,1,0,1,1,1,0,0,0,0,0,0,0,0,0,0,0,0,0,0,0,0,0,0,0,0,0,0,1631,0,0,0,11800
2311,5,15.89,136.9,97.28,6.9,134.67,4260000,84,175,1,1,110.18,25.23,3,5,1,1,0,0,1,0,0,0,0,0,0,0,0,0,0,0,0,0,0,0,0,0,0,0,0,0,0,1671,0,0,0,6300
2311,5,15.89,136.9,97.28,6.9,134.67,4260000,89,181,1,1,110.19,25.26,2,5,1,0,1,1,1,0,0,0,0,0,0,0,0,0,0,0,0,0,0,0,0,0,0,0,0,0,0,870,2,0,0,5800
4711.03,4,49.01,262.9,219.5,88.1,369,534000,119,136,0,1,106.83,26.64,3,3,0,1,0,0,0,0,0,0,1,0,0,0,0,0,0,0,0,0,1,0,0,0,1,0,0,0,0,1662,0,0,0,9500
4711.03,4,49.01,262.9,219.5,88.1,369,534000,125,164,0,1,106.62,26.68,3,4,0,0,1,1,1,0,0,0,0,0,0,0,0,0,0,0,0,0,0,0,0,1,0,0,0,0,0,948,0,0,0,11000
4711.03,4,49.01,262.9,219.5,88.1,369,534000,81,100,0,0,106.62,26.66,2,3,0,1,1,1,0,0,0,0,0,0,0,0,0,0,1,0,0,0,0,0,0,0,0,0,0,0,0,1601,0,0,0,11500
4711.03,4,49.01,262.9,219.5,88.1,369,534000,99,266,0,1,106.61,26.65,2,4,0,1,0,1,0,0,0,0,0,0,0,0,0,0,1,0,0,0,0,0,0,0,0,0,0,0,0,1387,2,0,0,10000
4711.03,4,49.01,262.9,219.5,88.1,369,534000,93,126,0,1,106.67,26.61,3,3,0,0,1,1,1,0,0,0,0,0,0,0,0,0,0,0,0,0,0,0,0,0,0,0,0,0,0,2361,0,0,0,9500
4711.03,4,49.01,262.9,219.5,88.1,369,534000,76,127,0,1,106.62,26.61,3,3,1,0,0,1,1,0,0,0,1,0,0,0,0,0,0,0,0,0,0,0,0,0,0,0,0,0,0,931,0,0,0,12000
4711.03,4,49.01,262.9,219.5,88.1,369,534000,108,140,0,1,106.6,26.63,3,4,0,1,1,0,1,0,0,0,0,0,0,0,0,0,0,0,0,0,0,0,0,1,0,0,0,0,0,1617,2,0,0,8800
4711.03,4,49.01,262.9,219.5,88.1,369,534000,124,126,0,1,106.77,26.55,3,3,0,0,0,1,1,0,0,0,1,1,0,0,0,0,0,0,0,0,0,0,0,0,0,0,0,0,0,1662,0,0,0,11300
4711.03,4,49.01,262.9,219.5,88.1,369,534000,79,202,0,1,106.66,26.42,2,5,0,1,1,0,1,0,0,0,0,0,0,0,0,0,0,0,0,0,0,0,0,1,0,0,0,0,0,1601,2,0,0,7500
4711.03,4,49.01,262.9,219.5,88.1,369,534000,81,124,0,1,106.7,26.54,2,3,0,0,1,1,0,0,0,0,0,0,0,0,0,0,0,0,0,0,0,0,0,0,0,0,0,0,0,1478,0,0,0,7500
3121.43,1,19.34,149,149,66,272.66,92932,52,306,0,0,111.78,40.84,1,4,0,1,0,1,0,0,0,0,0,0,0,0,0,0,1,0,0,0,0,0,0,0,0,0,2,0,1,3878,0,0,0,14000
3121.43,1,19.34,149,149,66,272.66,92932,137,137,0,0,111.74,40.78,3,3,0,1,0,1,0,0,0,0,1,0,0,0,1,0,0,0,0,0,0,0,0,0,0,0,0,0,0,2953,0,0,0,12800
3121.43,1,19.34,149,149,66,272.66,92932,80,115,1,1,111.84,40.55,2,3,0,0,1,0,0,0,0,0,1,0,0,0,1,0,0,0,0,0,0,0,0,0,0,0,0,0,1,1540,2,0,0,8700
3121.43,1,19.34,149,149,66,272.66,92932,96,139,0,1,111.74,40.83,2,3,0,1,1,1,0,0,0,0,0,0,0,0,0,0,1,0,0,0,0,0,0,0,0,0,0,0,0,3022,0,0,0,13000
3121.43,1,19.34,149,149,66,272.66,92932,120,252,0,1,111.71,40.87,2,5,1,1,0,1,0,0,0,0,0,1,0,0,0,0,0,0,0,0,0,0,0,0,0,0,0,0,0,3136,0,0,0,11500
3121.43,1,19.34,149,149,66,272.66,92932,356,792,0,1,111.77,40.81,4,7,0,1,1,1,0,0,0,0,1,0,0,0,0,0,0,0,0,0,0,0,0,0,0,0,1,0,0,4645,0,0,0,29000
18109.42,2,169.48,769.5,522.83,567.2,801.63,2188886,100,139,0,0,120.27,30.4,3,4,0,0,0,0,0,0,0,0,0,0,0,0,1,1,0,0,1,0,0,1,0,0,0,0,0,0,0,116,2,0,1,24000
18109.42,2,169.48,769.5,522.83,567.2,801.63,2188886,107,139,0,0,120.15,30.38,3,4,0,0,0,0,0,0,0,0,0,0,0,0,0,1,0,0,1,0,0,0,0,0,0,0,0,0,0,110,2,0,0,29500
18109.42,2,169.48,769.5,522.83,567.2,801.63,2188886,99,139,0,0,120.16,30.38,3,4,0,0,0,0,0,0,0,0,0,0,0,0,0,1,0,0,1,0,0,0,0,0,0,0,0,0,0,116,2,0,0,23600
18109.42,2,169.48,769.5,522.83,567.2,801.63,2188886,89,123,0,0,120.31,30.19,3,4,0,0,0,0,0,0,0,0,0,1,0,0,0,0,0,0,0,0,0,0,1,1,0,0,0,0,0,175,2,0,2,32000
18109.42,2,169.48,769.5,522.83,567.2,801.63,2188886,89,116,0,0,120.18,29.95,3,4,1,0,0,0,0,0,0,0,0,0,0,0,0,0,0,0,0,0,0,0,1,0,0,0,0,0,0,106,2,0,1,13000
18109.42,2,169.48,769.5,522.83,567.2,801.63,2188886,42,64,0,0,120.11,30.33,1,2,1,0,1,1,0,0,0,0,0,0,0,0,0,0,0,0,0,0,0,0,0,0,0,0,2,0,1,1205,1,0,0,24000
18109.42,2,169.48,769.5,522.83,567.2,801.63,2188886,45,73,0,0,120.22,30.35,2,4,0,1,0,1,0,0,0,0,1,1,0,0,0,0,0,0,0,0,0,0,0,0,0,0,2,0,1,931,2,0,1,31000
18109.42,2,169.48,769.5,522.83,567.2,801.63,2188886,255,515,0,0,120.19,30.23,3,6,0,0,1,1,1,0,0,0,0,0,0,0,0,0,1,0,0,0,0,0,0,0,0,0,2,0,1,1510,0,0,2,80000
18109.42,2,169.48,769.5,522.83,567.2,801.63,2188886,36,59,0,0,120.25,30.3,1,3,0,1,1,1,0,0,0,0,0,0,0,0,0,0,1,0,0,0,0,0,0,0,0,0,2,0,1,1361,2,0,0,40000
3644.87,2,26.74,113.3,48.28,69.8,131.62,598459,88,176,1,1,120.44,30.71,2,6,0,1,0,0,0,0,0,0,1,0,0,0,0,0,0,0,0,0,0,0,0,0,1,0,0,0,0,1676,0,0,0,9500
3644.87,2,26.74,113.3,48.28,69.8,131.62,598459,233,233,1,1,119.71,30.61,5,5,0,1,0,0,0,0,0,0,1,0,0,0,0,0,0,0,0,0,0,0,0,0,0,1,1,0,0,1358,0,0,0,15500
3644.87,2,26.74,113.3,48.28,69.8,131.62,598459,47,165,0,1,120.09,30.87,1,4,1,1,1,1,0,0,0,0,0,0,0,0,0,0,0,0,0,0,0,0,0,0,0,0,0,0,0,658,0,0,0,16000
3644.87,2,26.74,113.3,48.28,69.8,131.62,598459,122,139,1,1,120.29,30.62,3,4,0,1,0,1,0,0,0,0,1,0,0,0,0,0,0,0,0,0,0,0,0,0,0,0,0,0,0,1306,0,0,0,10500
3644.87,2,26.74,113.3,48.28,69.8,131.62,598459,138,168,1,1,119.67,30.6,4,4,0,1,0,0,0,0,0,0,1,0,0,0,0,0,0,0,0,0,0,0,0,0,1,0,1,0,0,1561,0,0,0,17000
3644.87,2,26.74,113.3,48.28,69.8,131.62,598459,75,136,1,1,120.07,30.97,2,4,0,1,1,0,0,0,0,0,1,0,0,0,0,0,0,0,0,0,0,0,0,0,0,1,0,0,0,658,0,0,0,12500
3644.87,2,26.74,113.3,48.28,69.8,131.62,598459,90,117,1,1,119.98,31.05,3,3,0,1,1,0,0,0,0,0,0,0,0,0,1,0,0,0,0,0,0,0,0,1,0,0,0,0,1,778,0,0,0,9600
11412.8,2,87.86,312.7,310.53,331.5,506.6,891500,79,107,1,1,117.16,31.97,3,3,0,0,0,0,0,1,0,0,0,0,0,0,1,0,0,0,0,0,0,0,0,0,0,0,0,0,1,566,2,0,0,12500
11412.8,2,87.86,312.7,310.53,331.5,506.6,891500,89,104,1,1,117.45,31.82,2,3,0,0,0,0,0,0,0,0,0,0,0,0,1,1,0,0,1,0,1,0,0,0,0,0,0,0,0,350,2,0,8,12800
11412.8,2,87.86,312.7,310.53,331.5,506.6,891500,99,120,0,0,117.28,31.95,3,3,0,0,0,0,0,0,0,0,0,0,0,0,1,0,0,0,1,0,1,0,0,0,0,0,0,0,0,44975,2,0,4,18500
11412.8,2,87.86,312.7,310.53,331.5,506.6,891500,89,118,1,0,117.19,31.7,3,3,0,0,0,0,0,0,0,0,0,0,0,0,1,1,0,0,1,0,1,0,0,0,0,0,0,0,0,401,2,0,6,18600
11412.8,2,87.86,312.7,310.53,331.5,506.6,891500,89,99,0,0,117.41,31.92,3,3,0,0,0,0,0,0,0,0,0,0,0,0,1,1,0,0,0,0,0,0,0,0,0,0,0,0,0,106,2,0,4,15800
11412.8,2,87.86,312.7,310.53,331.5,506.6,891500,97,130,1,0,117.17,31.73,3,3,0,0,0,0,0,0,0,0,0,0,0,0,0,1,0,0,1,0,1,0,0,0,0,0,0,0,0,99,2,0,3,17500
11412.8,2,87.86,312.7,310.53,331.5,506.6,891500,96,240,1,0,117.43,31.88,2,4,1,0,0,1,1,0,0,0,1,0,0,0,0,0,0,0,0,0,0,0,0,0,0,0,0,0,1,720,2,0,5,13000
11412.8,2,87.86,312.7,310.53,331.5,506.6,891500,89,127,1,1,117.4,31.86,3,4,1,0,0,0,1,0,0,0,0,0,0,0,0,0,0,0,0,0,0,0,0,1,0,0,0,0,0,205,2,0,3,14600
11412.8,2,87.86,312.7,310.53,331.5,506.6,891500,50,50,0,0,117.26,31.82,1,1,1,1,0,1,0,0,0,0,0,0,0,0,0,0,1,0,0,0,0,0,0,0,0,0,3,0,0,1765,0,0,0,19000
11412.8,2,87.86,312.7,310.53,331.5,506.6,891500,96,136,1,0,117.17,31.98,3,4,1,1,1,0,0,0,0,0,1,0,0,0,0,0,0,0,0,0,0,0,0,0,0,0,0,0,1,637,0,0,0,13000
11412.8,2,87.86,312.7,310.53,331.5,506.6,891500,89,104,1,1,117.45,31.82,2,3,0,0,0,0,0,0,0,0,0,0,0,0,1,1,0,0,1,0,1,0,0,0,0,0,0,0,0,350,2,0,0,12800
11412.8,2,87.86,312.7,310.53,331.5,506.6,891500,99,120,0,0,117.28,31.95,3,3,0,0,0,0,0,0,0,0,0,0,0,0,1,0,0,0,1,0,1,0,0,0,0,0,0,0,0,44975,2,0,0,18500
11412.8,2,87.86,312.7,310.53,331.5,506.6,891500,89,118,1,0,117.19,31.7,3,3,0,0,0,0,0,0,0,0,0,0,0,0,1,1,0,0,1,0,1,0,0,0,0,0,0,0,0,401,2,0,0,18600
11412.8,2,87.86,312.7,310.53,331.5,506.6,891500,89,99,0,0,117.41,31.92,3,3,0,0,0,0,0,0,0,0,0,0,0,0,1,1,0,0,0,0,0,0,0,0,0,0,0,0,0,106,2,0,0,15800
11412.8,2,87.86,312.7,310.53,331.5,506.6,891500,97,130,1,0,117.17,31.73,3,3,0,0,0,0,0,0,0,0,0,0,0,0,0,1,0,0,1,0,1,0,0,0,0,0,0,0,0,99,2,0,0,17500
11412.8,2,87.86,312.7,310.53,331.5,506.6,891500,96,240,1,0,117.43,31.88,2,4,1,0,0,1,1,0,0,0,1,0,0,0,0,0,0,0,0,0,0,0,0,0,0,0,0,0,1,720,2,0,0,13000
11412.8,2,87.86,312.7,310.53,331.5,506.6,891500,89,127,1,1,117.4,31.86,3,4,1,0,0,0,1,0,0,0,0,0,0,0,0,0,0,0,0,0,0,0,0,1,0,0,0,0,0,205,2,0,0,14600
1910,6,24.37,84.7,65.86,0.8,85.42,616862,95,165,0,1,115.02,30.2,3,5,0,1,0,1,0,0,0,0,1,0,0,0,0,0,0,0,0,0,0,0,0,0,0,0,0,0,0,1601,2,0,0,8300
1910,6,24.37,84.7,65.86,0.8,85.42,616862,107,278,0,1,115.06,30.2,3,5,0,0,0,1,1,0,0,0,1,0,0,0,0,1,0,0,0,0,0,0,0,0,0,0,0,0,0,1517,0,0,0,6500
1910,6,24.37,84.7,65.86,0.8,85.42,616862,280,280,0,1,115.06,30.16,5,5,0,0,0,0,0,1,0,0,0,0,0,0,0,1,0,0,0,0,0,0,0,0,0,0,1,0,0,780,0,0,0,10000
1910,6,24.37,84.7,65.86,0.8,85.42,616862,133,146,0,1,115.06,30.23,3,4,0,0,0,0,0,0,0,0,0,0,0,0,1,0,0,0,0,0,0,0,0,0,0,0,0,0,0,976,2,1,0,7300
1910,6,24.37,84.7,65.86,0.8,85.42,616862,80,126,0,1,115,30.19,2,4,0,0,0,0,0,1,0,0,0,0,0,0,1,0,0,0,0,0,0,0,0,0,0,0,0,0,0,747,2,0,0,5500
1910,6,24.37,84.7,65.86,0.8,85.42,616862,118,181,0,1,115.02,30.19,3,5,0,0,0,0,0,0,0,0,0,0,0,0,1,0,0,0,1,0,0,0,0,0,0,0,0,0,0,719,2,0,0,8300
1910,6,24.37,84.7,65.86,0.8,85.42,616862,102,132,0,1,115.08,30.2,3,4,1,0,0,0,1,0,0,0,0,0,0,0,0,0,0,0,0,0,0,0,1,1,0,0,0,0,0,44975,2,0,0,7300
1910,6,24.37,84.7,65.86,0.8,85.42,616862,95,165,0,1,115.12,30.15,3,4,0,0,0,0,0,0,0,0,0,1,0,0,1,0,0,0,0,0,0,0,0,0,0,0,0,0,0,1155,0,0,0,5500
1910,6,24.37,84.7,65.86,0.8,85.42,616862,108,129,0,1,114.96,30.13,3,4,0,0,0,0,0,0,0,0,0,0,0,0,1,1,0,0,1,0,0,0,0,0,0,0,0,0,0,1151,2,0,0,5500
4977.36,5,58.59,183.4,133.8,157,309.57,1069400,90,109,0,1,114.44,22.76,2,3,1,0,0,0,1,0,0,0,0,0,0,0,0,0,0,0,0,0,0,0,1,0,0,0,0,0,1,614,2,0,0,12500
4977.36,5,58.59,183.4,133.8,157,309.57,1069400,78,135,0,1,114.48,23.1,2,4,1,0,0,0,1,0,0,0,0,1,0,0,0,1,0,0,0,0,0,0,0,0,0,0,0,0,0,693,0,0,0,14000
4977.36,5,58.59,183.4,133.8,157,309.57,1069400,70,119,0,1,114.43,22.78,2,3,1,0,0,0,1,0,0,0,0,0,0,0,1,0,0,0,0,0,0,0,0,1,0,0,0,0,0,613,2,0,0,17000
4977.36,5,58.59,183.4,133.8,157,309.57,1069400,88,120,0,1,114.53,22.75,2,2,1,1,1,1,0,0,0,0,0,0,0,0,0,0,0,0,0,0,0,0,0,0,0,0,0,0,1,948,2,1,0,12150
4977.36,5,58.59,183.4,133.8,157,309.57,1069400,85,165,0,1,114.34,23.18,2,4,0,1,1,0,0,0,0,0,0,0,0,0,0,0,0,0,0,0,0,0,0,0,0,1,0,0,0,1024,0,0,0,8500
4977.36,5,58.59,183.4,133.8,157,309.57,1069400,96,100,0,0,114.44,22.78,3,3,1,0,0,0,1,0,0,0,0,0,0,0,0,0,0,0,0,0,0,0,1,1,0,0,0,0,0,602,2,0,0,17000
4977.36,5,58.59,183.4,133.8,157,309.57,1069400,73,89,0,1,114.53,22.72,2,3,0,1,1,1,0,0,0,0,1,0,0,0,0,0,0,0,0,0,0,0,0,0,0,0,0,0,0,1694,0,0,0,13000
4977.36,5,58.59,183.4,133.8,157,309.57,1069400,96,124,0,0,114.48,22.78,3,4,1,0,0,1,1,0,0,0,0,1,0,0,0,0,0,0,0,0,0,0,0,0,0,0,0,0,1,1158,0,0,0,17500
4977.36,5,58.59,183.4,133.8,157,309.57,1069400,93,118,0,1,114.48,22.76,3,3,0,0,1,1,1,0,0,0,1,0,0,0,0,0,0,0,0,0,0,0,0,0,0,0,0,0,1,1376,0,0,0,14900
4977.36,5,58.59,183.4,133.8,157,309.57,1069400,134,134,0,1,114.76,22.79,3,3,0,1,1,0,0,0,0,0,0,0,0,0,0,0,0,0,0,0,0,0,0,0,0,0,1,0,0,1435,0,0,0,17000
2057.06,5,10.11,214.7,131,95.9,213,164900,119,172,0,0,110.34,20.01,3,5,1,0,0,0,1,0,0,0,0,1,0,0,0,0,0,0,0,0,0,0,0,1,0,0,0,0,0,140,2,0,0,21000
2057.06,5,10.11,214.7,131,95.9,213,164900,101,207,0,0,110.18,19.99,2,4,0,1,1,0,0,0,0,0,1,0,0,0,0,0,0,0,0,0,0,0,0,0,0,1,0,0,0,170,2,0,0,14500
2057.06,5,10.11,214.7,131,95.9,213,164900,98,154,0,1,110.41,20,2,5,1,1,1,0,0,0,0,0,0,0,0,0,0,0,0,0,0,0,0,0,0,0,0,1,0,0,0,140,2,0,0,19500
2057.06,5,10.11,214.7,131,95.9,213,164900,76,141,0,0,110.18,20.06,2,4,1,1,0,0,1,0,0,0,1,0,0,0,0,0,0,0,0,0,0,0,0,0,0,0,0,0,1,262,2,0,0,18600
2057.06,5,10.11,214.7,131,95.9,213,164900,51,147,0,1,110.21,20.06,1,4,0,1,1,1,0,0,0,0,1,0,0,0,0,0,0,0,0,0,0,0,0,0,0,0,0,0,1,1156,0,0,0,17300
2057.06,5,10.11,214.7,131,95.9,213,164900,54,138,0,0,110.19,20.06,1,4,0,1,0,1,0,0,0,0,1,0,0,0,1,0,0,0,0,0,0,0,0,0,0,0,0,0,0,2697,2,0,0,20000
2057.06,5,10.11,214.7,131,95.9,213,164900,47,174,0,1,110.19,20.06,1,3,0,0,1,0,1,0,0,0,0,0,0,0,0,0,0,0,0,0,0,0,0,0,0,0,0,1,0,597,0,0,0,17300
2057.06,5,10.11,214.7,131,95.9,213,164900,111,204,0,0,110.32,20.07,3,5,1,0,0,1,1,0,0,0,0,1,0,0,0,0,0,0,0,0,0,0,0,0,0,0,0,0,1,140,0,0,0,18500
2057.06,5,10.11,214.7,131,95.9,213,164900,63,117,0,1,110.34,19.92,2,3,0,1,0,0,0,0,0,0,0,1,0,0,0,0,0,0,0,0,0,0,0,0,1,0,0,0,1,1996,0,0,0,22000
1843.4,1,19.33,64.7,49.02,22.5,104.51,96580,88,155,1,1,112.74,37.77,2,4,1,1,0,0,1,0,0,0,0,0,0,0,0,0,0,0,0,0,0,0,0,0,0,0,0,0,1,557,0,0,0,7800
1843.4,1,19.33,64.7,49.02,22.5,104.51,96580,85,148,1,1,112.75,37.74,2,5,1,1,0,0,0,0,0,0,0,0,0,0,0,0,0,0,0,0,0,0,0,0,1,0,0,0,0,688,0,0,0,7500
1843.4,1,19.33,64.7,49.02,22.5,104.51,96580,35,98,1,1,112.75,37.72,1,1,1,0,1,1,0,0,0,0,0,0,0,0,0,0,0,0,0,0,0,0,0,0,0,0,2,0,0,1036,0,0,0,22000
1843.4,1,19.33,64.7,49.02,22.5,104.51,96580,85,201,1,0,112.68,37.72,2,5,1,0,0,0,1,0,0,0,0,0,0,0,0,0,0,0,0,0,0,0,0,1,0,0,0,0,0,909,0,0,0,7300
1843.4,1,19.33,64.7,49.02,22.5,104.51,96580,90,171,1,1,112.73,37.73,2,4,0,1,0,0,0,0,0,0,1,0,0,0,0,0,0,0,0,0,0,0,0,0,1,0,0,0,1,1298,0,0,0,6800
1843.4,1,19.33,64.7,49.02,22.5,104.51,96580,51,125,1,1,112.67,37.79,1,3,1,0,0,0,0,0,0,1,0,0,0,0,0,0,0,0,0,0,0,0,0,0,0,0,0,0,0,839,2,0,0,7300
1843.4,1,19.33,64.7,49.02,22.5,104.51,96580,83,175,0,1,112.56,37.52,2,4,0,0,0,0,0,1,0,0,0,0,0,0,0,1,0,0,0,0,0,0,0,0,0,0,1,0,0,1246,0,0,0,12500
1843.4,1,19.33,64.7,49.02,22.5,104.51,96580,51,92,1,1,112.74,37.77,1,1,1,1,0,0,1,0,0,0,1,0,0,0,0,0,0,0,0,0,0,0,0,0,0,0,2,0,0,870,0,0,0,25000
1843.4,1,19.33,64.7,49.02,22.5,104.51,96580,88,135,1,1,112.73,37.74,2,3,0,0,0,0,0,0,0,0,0,0,0,0,1,1,0,0,1,0,0,0,0,0,0,0,0,0,0,616,0,0,0,8100
6355.28,2,34.94,103.9,53.64,79.3,163.42,421727,43,59,1,1,120.37,30.64,1,4,0,0,0,0,0,1,0,1,0,0,0,0,0,1,0,0,0,0,0,0,0,0,0,0,2,0,0,1631,0,0,0,9500
6355.28,2,34.94,103.9,53.64,79.3,163.42,421727,25,41,1,0,120.39,30.36,1,2,1,1,1,0,1,0,0,0,0,0,0,0,0,0,0,0,0,0,0,0,0,0,0,0,2,0,0,1662,2,0,0,14500
6355.28,2,34.94,103.9,53.64,79.3,163.42,421727,69,99,1,1,120.97,30.85,2,3,0,1,1,0,0,0,0,0,1,0,0,0,0,0,0,0,0,0,0,0,0,0,1,0,0,0,0,1348,2,0,0,17000
6355.28,2,34.94,103.9,53.64,79.3,163.42,421727,74,96,1,1,120.58,30.55,2,3,0,1,0,0,0,0,0,0,0,1,0,0,0,0,0,0,0,0,0,0,0,0,1,0,0,0,1,1266,2,0,0,14500
6355.28,2,34.94,103.9,53.64,79.3,163.42,421727,72,120,1,1,120.84,30.76,2,4,1,1,0,0,0,0,0,0,0,0,0,0,0,0,0,0,0,0,0,0,0,1,0,1,0,0,0,526,0,0,0,14350
6355.28,2,34.94,103.9,53.64,79.3,163.42,421727,62,62,1,1,120.45,30.45,2,2,0,1,0,1,0,0,0,0,1,0,0,0,0,0,0,0,0,0,0,0,0,0,0,0,2,0,0,1236,0,0,0,11000
11432.22,2,128.78,847.9,460.53,196.02,793.65,231100,96,129,0,1,116.94,36.58,3,4,0,0,0,0,0,0,0,0,0,0,0,0,1,1,0,0,0,0,1,0,0,0,0,0,0,0,0,463,2,1,0,11500
11432.22,2,128.78,847.9,460.53,196.02,793.65,231100,105,125,0,1,117.03,36.69,3,3,0,0,0,0,1,0,0,0,0,0,0,0,0,0,0,1,0,0,0,0,0,1,0,0,0,0,1,553,2,1,0,16500
11432.22,2,128.78,847.9,460.53,196.02,793.65,231100,105,140,0,1,117.13,36.71,3,4,0,0,0,0,1,0,0,0,0,0,0,1,0,1,0,0,0,0,1,0,0,0,0,0,0,0,0,100,2,0,0,18500
11432.22,2,128.78,847.9,460.53,196.02,793.65,231100,96,130,0,1,117.12,36.74,3,4,0,0,0,0,1,0,0,0,0,1,0,0,0,1,0,0,0,0,0,0,0,1,0,0,0,0,0,230,2,0,0,14000
11432.22,2,128.78,847.9,460.53,196.02,793.65,231100,126,167,0,1,117.14,36.71,3,4,0,0,0,0,0,0,0,0,0,0,0,0,0,1,0,0,1,0,0,0,0,0,0,0,0,0,0,104,2,0,0,21000
11432.22,2,128.78,847.9,460.53,196.02,793.65,231100,105,143,0,1,117.25,36.72,3,4,0,0,0,0,0,0,0,0,0,0,0,0,0,1,0,0,1,0,0,1,0,0,0,0,0,0,0,189,2,0,0,13300
11432.22,2,128.78,847.9,460.53,196.02,793.65,231100,100,165,0,0,116.89,36.69,3,4,0,1,1,1,0,0,0,0,0,0,0,0,0,0,1,0,0,0,0,0,0,0,0,0,0,0,1,1040,2,0,0,15500
11432.22,2,128.78,847.9,460.53,196.02,793.65,231100,109,130,1,1,116.76,36.55,3,3,1,0,0,1,1,0,0,0,0,0,0,0,0,0,0,1,0,0,0,0,0,0,0,0,0,0,0,1862,0,0,0,8200
11432.22,2,128.78,847.9,460.53,196.02,793.65,231100,105,166,0,1,116.82,36.52,3,4,0,1,0,0,1,0,0,0,0,0,0,0,0,0,1,1,0,0,0,0,0,0,0,0,0,0,1,602,0,0,0,9500
7222.5,4,53.98,482.5,284.93,6.8,456.15,432900,126,275,0,0,102.72,24.98,3,5,0,0,0,0,0,0,0,0,0,0,0,0,0,1,0,0,1,1,0,0,0,0,0,0,0,0,0,447,2,0,0,15000
7222.5,4,53.98,482.5,284.93,6.8,456.15,432900,89,190,0,0,102.73,24.97,3,4,0,0,0,0,0,0,0,0,0,0,0,0,1,0,0,0,1,0,0,0,0,0,0,0,0,0,1,931,2,0,0,15500
7222.5,4,53.98,482.5,284.93,6.8,456.15,432900,89,165,0,0,102.68,25.09,3,4,1,0,1,1,1,0,0,0,0,0,0,0,0,0,0,0,0,0,0,0,0,0,0,0,0,0,1,1030,2,0,0,17000
7222.5,4,53.98,482.5,284.93,6.8,456.15,432900,92,143,0,0,102.76,25.04,3,3,0,0,0,0,0,0,0,0,0,0,0,0,1,1,0,0,1,0,0,1,0,0,0,0,0,0,0,602,2,1,0,16000
7222.5,4,53.98,482.5,284.93,6.8,456.15,432900,90,143,0,0,102.79,25.04,3,4,1,0,0,0,0,0,0,0,0,1,0,0,1,0,0,0,0,0,0,0,0,0,0,0,0,0,1,980,2,1,0,15500
7222.5,4,53.98,482.5,284.93,6.8,456.15,432900,41,63,0,0,102.7,25.01,1,1,1,0,1,1,0,0,0,0,0,0,0,0,0,0,0,0,0,0,0,0,0,0,0,0,2,0,1,1266,0,0,0,11750
7222.5,4,53.98,482.5,284.93,6.8,456.15,432900,84,179,0,0,102.75,25.12,2,4,1,0,0,1,1,0,0,0,0,0,0,0,0,0,1,0,0,0,0,0,0,0,0,0,0,0,1,1043,0,0,0,14500
7222.5,4,53.98,482.5,284.93,6.8,456.15,432900,38,93,0,1,102.76,24.98,1,3,0,0,1,0,0,0,0,0,0,0,0,0,0,0,1,0,0,0,0,0,0,0,0,0,2,0,1,388,0,0,0,8000
7222.5,4,53.98,482.5,284.93,6.8,456.15,432900,125,139,0,0,102.75,24.94,3,4,0,1,1,0,1,0,0,0,0,0,0,0,0,0,0,0,0,0,0,0,0,1,0,0,0,1,1,2302,0,0,0,30000
3553.1,1,7.63,88.7,56.06,12.2,80.12,51300,75,118,0,1,116.92,39.95,2,3,0,0,0,0,0,1,0,1,0,0,0,0,1,0,0,0,0,0,0,1,0,0,0,0,0,0,0,1143,2,1,0,11000
3553.1,1,7.63,88.7,56.06,12.2,80.12,51300,125,135,0,1,116.84,40.04,3,3,0,0,0,0,0,1,0,0,0,0,0,0,1,0,0,0,0,1,0,0,0,0,0,0,0,0,0,876,2,0,0,15000
3553.1,1,7.63,88.7,56.06,12.2,80.12,51300,86,130,1,1,116.28,39.48,3,4,0,0,0,0,0,0,0,0,0,0,0,0,1,1,0,0,0,0,1,1,0,0,0,0,0,0,0,658,2,1,0,11100
3553.1,1,7.63,88.7,56.06,12.2,80.12,51300,95,133,1,1,116.3,39.43,3,3,0,0,0,0,0,0,0,0,0,0,0,0,1,1,0,0,0,0,0,0,0,0,0,0,0,0,0,201,2,0,0,10800
3553.1,1,7.63,88.7,56.06,12.2,80.12,51300,123,200,1,1,116.68,39.55,3,4,0,0,0,0,0,0,0,0,0,1,0,0,1,0,0,0,0,0,0,0,0,1,0,0,0,0,0,900,2,0,0,13500
3553.1,1,7.63,88.7,56.06,12.2,80.12,51300,97,118,0,0,116.79,40,3,3,1,0,0,0,1,0,0,0,0,0,0,0,0,0,0,0,0,0,0,0,0,1,0,0,0,0,0,658,2,1,0,24000
3553.1,1,7.63,88.7,56.06,12.2,80.12,51300,84,270,0,0,116.78,39.97,2,5,0,1,0,1,0,0,0,0,1,0,0,0,1,0,0,0,0,0,0,0,0,0,0,0,0,0,0,883,2,1,0,23500
3553.1,1,7.63,88.7,56.06,12.2,80.12,51300,78,94,1,1,116.31,39.46,2,3,1,0,0,0,1,0,0,0,0,0,0,0,0,0,0,0,0,0,0,0,1,0,0,0,0,0,0,768,2,0,0,11500
3553.1,1,7.63,88.7,56.06,12.2,80.12,51300,73,125,1,1,116.28,39.44,2,3,0,1,1,1,0,0,0,0,1,0,0,0,0,0,0,0,0,0,0,0,0,0,0,0,0,0,0,1601,2,1,0,11300
3553.1,1,7.63,88.7,56.06,12.2,80.12,51300,87,132,1,1,116.33,39.44,2,3,0,1,1,0,1,0,0,0,0,0,0,0,0,0,0,0,0,0,0,0,0,0,0,0,0,0,0,2142,2,0,0,11000
2205.15,4,10.14,108.8,50.16,22.6,75.82,1155000,87,114,0,1,103.71,29.54,3,4,0,0,0,0,0,0,0,0,0,0,0,0,1,1,0,0,1,0,0,0,0,0,0,0,0,0,0,296,2,0,0,6400
2205.15,4,10.14,108.8,50.16,22.6,75.82,1155000,86,86,1,1,103.46,29.58,3,3,0,1,0,1,0,1,0,0,1,0,0,0,0,0,0,0,0,0,0,0,0,0,0,0,0,0,0,2141,0,0,0,12000
2205.15,4,10.14,108.8,50.16,22.6,75.82,1155000,173,397,1,1,103.46,29.58,4,5,0,1,0,1,0,0,0,0,0,0,0,0,0,0,0,0,0,0,0,0,0,0,0,0,1,0,0,1754,0,0,0,17000
2205.15,4,10.14,108.8,50.16,22.6,75.82,1155000,244,408,1,1,103.47,29.58,5,5,0,1,0,1,0,0,0,0,0,0,0,0,0,0,0,0,0,0,0,0,0,0,0,0,1,0,0,3402,2,0,0,6000
2205.15,4,10.14,108.8,50.16,22.6,75.82,1155000,131,131,1,1,103.47,29.59,4,4,1,1,1,1,0,0,0,0,0,0,0,0,0,0,0,0,0,0,0,0,0,0,0,0,0,0,0,1389,2,0,0,6500
2205.15,4,10.14,108.8,50.16,22.6,75.82,1155000,188,218,1,1,103.47,29.59,4,4,0,0,1,1,0,0,0,0,0,0,0,0,0,0,0,0,0,0,0,0,0,0,0,0,1,0,0,2135,0,0,0,12000
2205.15,4,10.14,108.8,50.16,22.6,75.82,1155000,49,103,1,0,103.46,29.57,1,3,0,1,1,1,0,0,0,0,1,0,0,0,0,0,0,0,0,0,0,0,0,0,0,0,0,0,1,1382,0,0,0,10000
1380.2,4,13.75,132.6,55.08,18.6,85.32,637700,79,166,1,0,103.87,30.18,2,4,1,0,0,1,1,0,0,0,0,0,0,0,0,0,0,0,0,0,0,0,0,0,0,0,0,0,1,1456,0,0,0,7800
1380.2,4,13.75,132.6,55.08,18.6,85.32,637700,75,138,1,1,103.93,30.31,2,4,1,0,0,0,0,0,0,0,0,1,0,0,0,0,0,0,0,0,0,0,1,1,0,0,0,0,1,789,2,0,0,7400
1380.2,4,13.75,132.6,55.08,18.6,85.32,637700,88,154,0,1,103.91,30.08,3,4,1,1,1,0,0,0,0,0,0,0,0,0,0,0,0,0,0,0,0,0,0,0,1,0,0,0,1,658,2,0,0,7000
1380.2,4,13.75,132.6,55.08,18.6,85.32,637700,94,138,1,1,103.87,30.21,3,4,1,0,1,1,1,0,0,0,0,0,0,0,0,0,0,0,0,0,0,0,0,0,0,0,0,0,0,981,0,0,0,7000
1380.2,4,13.75,132.6,55.08,18.6,85.32,637700,99,170,1,1,103.87,30.21,3,5,1,0,0,1,1,0,0,0,1,0,0,0,0,0,0,0,0,0,0,0,0,0,0,0,0,0,1,1124,0,0,0,7000
1380.2,4,13.75,132.6,55.08,18.6,85.32,637700,88,121,1,1,103.88,30.18,3,4,1,0,1,1,0,0,0,0,0,0,0,0,0,0,0,0,0,0,0,0,0,0,0,0,0,0,1,658,0,0,0,5900
1380.2,4,13.75,132.6,55.08,18.6,85.32,637700,86,131,0,1,103.91,30.08,3,4,1,1,1,0,0,0,0,0,0,0,0,0,0,0,0,0,0,0,0,0,0,0,1,0,0,0,1,674,2,0,0,7300
1380.2,4,13.75,132.6,55.08,18.6,85.32,637700,68,168,0,0,103.86,30.04,3,4,1,0,0,1,0,0,0,0,0,0,0,0,0,0,0,0,0,0,0,0,0,0,0,0,0,0,1,1266,2,0,0,6500
1380.2,4,13.75,132.6,55.08,18.6,85.32,637700,189,209,0,1,103.91,30.08,7,9,1,1,1,0,0,0,0,0,0,0,0,0,0,0,0,0,0,0,0,0,0,0,1,0,1,0,1,1205,2,0,0,15500
1380.2,4,13.75,132.6,55.08,18.6,85.32,637700,102,124,1,0,104.07,30.17,3,4,1,0,0,0,1,0,0,0,1,0,0,0,1,0,0,0,0,0,0,0,0,0,0,0,0,0,0,657,2,0,0,11000
16356,2,303.91,733.7,653.78,46,868.28,414700,99,140,0,0,118.85,32.14,3,4,0,0,0,0,0,0,0,0,0,0,0,0,0,1,0,0,1,0,0,1,0,0,0,0,0,0,0,109,2,0,0,34067
16356,2,303.91,733.7,653.78,46,868.28,414700,90,140,0,0,118.94,32.06,2,3,1,0,0,0,1,0,0,0,0,0,0,0,0,0,0,0,0,0,0,0,1,1,0,0,0,0,0,478,2,0,0,30500
16356,2,303.91,733.7,653.78,46,868.28,414700,92,121,0,0,119,31.73,3,4,0,1,0,0,1,0,0,0,0,0,0,0,0,0,1,1,0,0,0,0,0,0,0,0,0,0,1,413,2,0,0,12500
16356,2,303.91,733.7,653.78,46,868.28,414700,97,135,0,0,118.65,32.06,3,4,1,0,0,0,0,0,0,0,1,1,0,0,0,0,0,0,0,0,0,0,0,0,0,0,0,0,0,44975,2,1,0,32500
16356,2,303.91,733.7,653.78,46,868.28,414700,97,138,0,0,118.71,31.96,3,4,0,0,0,0,0,0,0,0,0,0,0,0,1,1,0,0,0,0,0,0,0,0,0,0,0,0,0,141,2,0,0,33000
16356,2,303.91,733.7,653.78,46,868.28,414700,79,255,0,0,118.92,32.04,1,4,0,1,1,1,0,0,0,0,0,0,0,0,0,0,0,1,0,0,0,0,0,0,0,0,0,0,1,444,2,0,0,31000
16356,2,303.91,733.7,653.78,46,868.28,414700,240,257,0,1,118.86,32.1,4,5,0,1,0,0,0,0,0,0,0,0,0,0,0,0,1,1,0,0,0,0,0,0,1,0,0,0,1,2477,0,0,0,35500
11026.94,2,72.27,313.4,150.08,94.3,300.14,476200,54,62,0,1,120.84,32.05,2,3,0,1,1,1,0,0,0,0,1,0,0,0,0,0,0,0,0,0,0,0,0,0,0,0,2,0,1,1662,2,1,0,11500
11026.94,2,72.27,313.4,150.08,94.3,300.14,476200,30,77,0,1,120.88,32.06,1,3,0,1,1,1,0,0,0,0,1,0,0,0,0,0,0,0,0,0,0,0,0,0,0,0,2,0,1,996,0,0,0,11000
11026.94,2,72.27,313.4,150.08,94.3,300.14,476200,124,224,0,0,120.57,32.38,3,4,1,0,1,1,1,0,0,0,0,0,0,0,0,0,0,0,0,0,0,0,0,0,0,0,0,0,0,566,2,0,0,16500
11026.94,2,72.27,313.4,150.08,94.3,300.14,476200,106,167,0,1,121.43,32.17,3,4,0,0,0,0,0,0,0,0,0,0,0,0,1,1,0,0,0,0,0,0,0,0,0,1,0,0,0,798,0,0,0,9000
11026.94,2,72.27,313.4,150.08,94.3,300.14,476200,60,120,0,1,120.87,32.07,3,3,0,1,0,1,0,0,0,0,1,0,0,0,1,0,0,0,0,0,0,0,0,0,0,0,2,0,1,2225,0,0,0,10000
11026.94,2,72.27,313.4,150.08,94.3,300.14,476200,94,122,0,1,120.61,32.1,3,3,0,1,1,0,1,0,0,0,1,0,0,0,0,0,0,0,0,0,0,0,0,0,0,0,0,0,0,809,2,0,0,9500
11026.94,2,72.27,313.4,150.08,94.3,300.14,476200,40,60,0,1,120.94,32.01,1,3,0,0,0,1,1,0,0,0,1,0,0,0,0,1,0,0,0,0,0,0,0,0,0,0,2,1,0,900,0,0,0,10000
11026.94,2,72.27,313.4,150.08,94.3,300.14,476200,83,150,0,1,121.38,31.86,2,4,0,1,0,0,0,0,0,0,0,0,0,0,0,0,0,0,0,0,0,0,0,0,0,0,0,0,1,1511,0,0,0,8300
11026.94,2,72.27,313.4,150.08,94.3,300.14,476200,133,133,0,1,121.38,31.86,4,4,0,1,0,0,0,0,0,0,0,0,0,0,0,0,0,0,0,0,0,0,0,0,0,0,1,1,1,1520,0,0,0,14000
11026.94,2,72.27,313.4,150.08,94.3,300.14,476200,98,138,0,0,120.83,32.07,3,4,0,1,1,1,0,0,0,0,1,0,0,0,0,0,0,0,0,0,0,0,0,0,0,0,0,0,0,1155,2,0,0,22000
14594.92,2,134.3,311.2,221.93,217.7,388.93,806760,100,160,0,0,121.59,29.8,3,4,0,1,0,1,0,0,0,0,1,0,0,0,0,0,0,0,0,0,0,0,0,0,0,0,0,0,1,1331,2,0,0,31200
14594.92,2,134.3,311.2,221.93,217.7,388.93,806760,85,170,1,1,121.23,30.35,3,4,0,0,0,0,0,0,0,0,0,1,0,0,0,0,0,0,0,0,0,0,0,0,0,0,0,0,1,606,2,0,0,13000
14594.92,2,134.3,311.2,221.93,217.7,388.93,806760,98,118,1,1,121.44,29.72,3,4,1,0,0,0,1,0,0,0,0,0,0,0,0,0,0,0,0,0,0,0,1,1,0,0,0,0,1,785,2,0,0,17500
14594.92,2,134.3,311.2,221.93,217.7,388.93,806760,89,129,0,0,121.48,29.87,3,4,1,0,0,0,1,0,0,0,0,1,0,0,0,0,0,0,0,0,0,0,0,0,0,0,0,0,0,275,2,0,0,24900
14594.92,2,134.3,311.2,221.93,217.7,388.93,806760,107,135,0,0,121.6,29.84,3,4,0,0,0,0,0,0,0,0,0,0,0,0,0,1,0,0,0,0,0,0,0,0,0,0,0,0,0,148,2,0,0,33700
14594.92,2,134.3,311.2,221.93,217.7,388.93,806760,70,125,1,1,121.24,30.33,2,4,0,1,0,0,0,0,0,0,0,1,0,0,0,0,0,0,0,0,0,0,0,0,1,0,0,0,1,882,0,0,0,13500
14594.92,2,134.3,311.2,221.93,217.7,388.93,806760,97,124,1,1,121.21,30.33,3,3,1,1,1,0,0,0,0,0,0,0,0,0,0,0,0,0,0,0,0,0,0,0,0,0,0,0,1,1266,0,0,0,11500
14594.92,2,134.3,311.2,221.93,217.7,388.93,806760,103,128,0,1,121.04,30.18,3,4,0,0,0,0,1,0,0,0,0,0,0,0,0,0,0,0,0,0,0,0,0,0,1,0,0,0,0,765,0,0,0,10700
6650.53,2,65.5,318.1,283.77,28.2,365.51,946300,89,108,0,0,115.86,28.78,3,3,0,0,1,0,0,0,0,0,0,0,0,0,0,0,0,0,0,0,0,0,0,0,0,0,0,0,1,1592,1,0,0,9300
6650.53,2,65.5,318.1,283.77,28.2,365.51,946300,89,138,0,0,115.94,28.54,3,4,1,0,1,1,1,0,0,0,0,0,0,0,0,0,0,0,0,0,0,0,0,0,0,0,0,0,1,641,2,0,0,11500
6650.53,2,65.5,318.1,283.77,28.2,365.51,946300,125,143,0,0,115.85,28.7,3,4,1,0,1,1,1,0,0,0,0,0,0,0,0,0,0,0,0,0,0,0,0,0,0,0,0,0,1,1207,0,0,0,20000
6650.53,2,65.5,318.1,283.77,28.2,365.51,946300,88,230,0,0,115.89,28.63,3,4,1,0,0,1,1,0,0,0,0,0,0,0,0,0,0,0,0,0,0,0,0,0,0,0,0,0,1,568,2,0,0,21000
6650.53,2,65.5,318.1,283.77,28.2,365.51,946300,145,275,0,1,115.86,28.6,3,5,1,1,0,1,0,0,0,0,1,0,0,0,0,0,0,0,0,0,0,0,0,0,0,0,2,0,1,1272,0,0,0,7500
6650.53,2,65.5,318.1,283.77,28.2,365.51,946300,28,54,0,1,115.88,28.71,2,2,0,0,0,1,0,0,0,0,0,0,0,0,0,0,1,0,0,0,0,0,0,1,0,0,2,0,1,505,0,0,0,11000
6650.53,2,65.5,318.1,283.77,28.2,365.51,946300,114,201,1,1,115.73,28.7,4,5,0,1,0,0,0,0,0,0,0,0,0,0,0,0,0,0,0,0,0,0,0,0,1,0,1,0,1,900,0,0,0,12500
6650.53,2,65.5,318.1,283.77,28.2,365.51,946300,126,245,0,1,115.85,28.8,4,5,0,1,0,0,0,0,0,0,0,0,0,0,0,0,0,0,0,0,0,0,0,0,0,0,1,0,1,1237,1,0,0,9500
5120.94,5,19.23,422,265.31,167.7,327.51,1190000,97,142,0,1,108.41,22.75,3,4,1,0,0,0,0,0,0,0,0,0,0,0,1,1,0,0,0,0,0,0,0,1,0,0,0,0,0,533,2,0,0,12500
5120.94,5,19.23,422,265.31,167.7,327.51,1190000,79,126,0,0,108.39,22.7,2,4,1,0,0,0,0,0,0,0,0,0,0,0,1,0,0,0,0,0,0,0,1,0,0,0,0,0,0,547,2,0,0,11000
5120.94,5,19.23,422,265.31,167.7,327.51,1190000,75,116,0,1,108.43,22.89,2,3,1,1,0,1,0,0,0,0,0,0,0,0,0,0,0,0,0,0,0,0,0,0,0,0,0,0,1,566,2,0,0,8700
5120.94,5,19.23,422,265.31,167.7,327.51,1190000,88,142,0,0,108.28,22.77,3,5,0,1,1,1,0,0,0,0,1,0,0,0,0,0,0,0,0,0,0,0,0,0,0,0,0,0,1,687,2,0,0,12500
5120.94,5,19.23,422,265.31,167.7,327.51,1190000,48,114,0,0,108.36,22.74,2,4,0,1,0,1,0,0,0,0,1,0,0,0,0,0,1,0,0,0,0,0,0,0,0,0,0,0,1,992,0,0,0,13000
5120.94,5,19.23,422,265.31,167.7,327.51,1190000,56,192,0,0,108.4,22.73,1,4,0,1,1,0,0,0,0,0,0,0,0,0,0,0,1,0,0,0,0,0,0,0,0,1,0,0,1,1153,0,0,0,21000
5120.94,5,19.23,422,265.31,167.7,327.51,1190000,90,125,0,0,108.46,22.8,3,4,0,1,1,1,0,0,0,0,1,0,0,0,0,0,0,0,0,0,0,0,0,0,0,0,0,0,1,658,0,0,0,15500
5120.94,5,19.23,422,265.31,167.7,327.51,1190000,88,140,0,0,108.37,22.78,3,4,0,1,0,1,0,0,0,0,1,0,0,0,1,0,0,0,0,0,0,0,0,0,0,0,0,0,1,1205,0,0,0,18000
5120.94,5,19.23,422,265.31,167.7,327.51,1190000,99,203,0,0,108.34,22.8,2,5,1,1,0,1,0,0,0,0,0,1,0,0,0,0,0,0,0,0,0,0,0,0,0,0,0,0,1,580,2,0,0,10500
2601.98,4,24.56,193.7,120,37.4,167.14,478100,90,90,0,1,106.08,30.85,3,3,1,1,0,0,0,0,0,0,1,0,0,0,0,0,0,0,0,0,0,0,0,0,0,1,0,0,0,1570,0,0,0,9300
2601.98,4,24.56,193.7,120,37.4,167.14,478100,85,120,0,1,106.12,30.71,3,4,1,1,1,0,0,0,0,0,1,0,0,0,0,0,0,0,0,0,0,0,0,0,0,0,0,0,1,1602,0,0,0,5099
2601.98,4,24.56,193.7,120,37.4,167.14,478100,96,110,0,1,106.19,30.77,3,3,1,1,1,0,0,0,0,0,0,0,0,0,0,0,0,0,0,0,0,0,0,0,0,1,0,0,1,1574,0,0,0,5200
2601.98,4,24.56,193.7,120,37.4,167.14,478100,80,126,0,1,106.06,30.79,3,4,0,1,0,1,0,0,0,0,1,0,0,0,0,1,0,0,0,0,0,0,0,0,0,0,0,0,0,1450,2,0,0,7200
2601.98,4,24.56,193.7,120,37.4,167.14,478100,108,129,0,1,106.09,30.83,3,4,0,0,1,1,1,0,0,0,0,0,0,0,0,0,0,0,0,0,0,0,0,0,0,0,0,0,0,1631,2,0,0,8000
2601.98,4,24.56,193.7,120,37.4,167.14,478100,148,152,0,1,106.09,30.83,4,5,1,0,1,1,0,0,0,0,0,0,0,0,0,0,0,0,0,0,0,0,0,0,0,0,1,0,0,1631,2,0,0,15000
2601.98,4,24.56,193.7,120,37.4,167.14,478100,126,126,0,1,106.06,30.79,4,4,0,1,0,1,0,0,0,0,1,0,0,0,0,1,0,0,0,0,0,0,0,0,0,0,1,0,0,1450,0,0,0,10000
2601.98,4,24.56,193.7,120,37.4,167.14,478100,94,115,0,1,106.14,30.79,3,3,0,1,0,1,0,0,0,0,1,0,0,0,0,1,0,0,0,0,0,0,0,0,0,0,0,0,0,1053,2,0,0,5800
1685.8,1,15.6,150.1,105.43,32.1,146.7,164500,83,179,0,1,119.55,39.91,2,4,0,0,1,1,0,0,0,0,0,0,0,0,0,0,0,0,0,0,0,0,0,0,0,0,0,0,0,630,0,1,0,13500
1685.8,1,15.6,150.1,105.43,32.1,146.7,164500,81,148,0,1,119.51,39.91,2,4,0,0,0,0,0,0,0,0,0,0,0,0,0,0,0,0,1,0,0,1,0,0,0,0,0,0,0,161,0,0,0,11000
1685.8,1,15.6,150.1,105.43,32.1,146.7,164500,49,329,0,0,119.56,39.91,1,4,1,0,1,1,0,0,0,0,0,0,0,0,0,0,0,0,0,0,0,0,0,0,0,0,0,0,0,2514,0,0,0,19000
1685.8,1,15.6,150.1,105.43,32.1,146.7,164500,53,147,0,0,119.41,39.78,1,3,0,0,0,0,1,0,0,0,1,0,0,0,0,0,0,0,0,0,0,0,0,0,1,0,2,0,0,201,0,0,0,14500
1685.8,1,15.6,150.1,105.43,32.1,146.7,164500,36,124,0,0,119.32,39.67,1,3,1,1,0,0,1,0,0,0,0,0,0,0,0,0,0,0,0,0,0,0,0,0,0,0,1,0,0,658,0,0,0,25000
1685.8,1,15.6,150.1,105.43,32.1,146.7,164500,68,132,0,1,119.62,39.93,2,3,1,0,0,1,1,0,0,0,0,0,0,0,0,0,0,0,0,0,0,0,0,0,0,0,0,0,0,1510,0,0,0,12000
1685.8,1,15.6,150.1,105.43,32.1,146.7,164500,86,133,0,1,119.3,39.78,2,3,0,0,1,0,0,0,0,0,0,0,0,0,0,0,0,0,0,0,0,0,0,0,0,0,0,0,0,1996,0,0,0,6200
1685.8,1,15.6,150.1,105.43,32.1,146.7,164500,86,126,0,1,119.62,39.98,2,3,1,0,1,0,0,0,0,0,0,0,0,0,0,0,0,0,0,0,0,0,0,0,0,0,0,0,0,505,0,1,0,9800
1685.8,1,15.6,150.1,105.43,32.1,146.7,164500,42,146,0,0,119.52,40,1,4,1,1,0,0,0,0,0,0,0,0,0,0,0,0,0,0,0,0,0,0,0,0,0,0,0,0,0,672,0,0,0,7300
11304.17,2,20.8,316.4,138.25,70.8,230,527100,143,165,0,1,118.59,24.87,4,5,0,0,0,0,0,0,0,0,0,0,0,0,0,1,0,0,1,0,0,0,0,0,0,0,0,0,0,275,2,0,0,15000
11304.17,2,20.8,316.4,138.25,70.8,230,527100,62,121,0,1,118.64,24.78,1,3,0,0,0,0,0,0,0,1,0,0,0,0,0,1,0,0,1,0,0,1,0,0,0,0,0,0,0,388,2,0,0,8600
11304.17,2,20.8,316.4,138.25,70.8,230,527100,125,180,0,1,118.71,24.68,3,4,0,1,1,1,0,0,0,0,1,0,0,0,0,0,0,0,0,0,0,0,0,0,0,0,2,0,0,2826,2,0,0,10000
11304.17,2,20.8,316.4,138.25,70.8,230,527100,80,147,0,1,118.69,24.97,2,4,1,1,1,1,0,0,0,0,0,0,0,0,0,0,0,0,0,0,0,0,0,0,0,0,0,0,0,3180,2,0,0,10000
14136,2,208.43,732.8,455.3,124.86,761.52,229600,77,200,0,0,119.79,35.8,1,4,1,1,0,0,0,0,0,0,0,0,0,0,0,0,0,0,0,0,0,0,0,1,1,0,1,0,0,1556,1,0,0,25000
14136,2,208.43,732.8,455.3,124.86,761.52,229600,103,150,0,1,120.09,36.17,3,4,1,1,0,0,0,0,0,0,0,0,0,0,0,0,0,0,0,0,0,0,0,0,0,0,0,0,1,1631,0,0,0,10000
14136,2,208.43,732.8,455.3,124.86,761.52,229600,85,115,1,1,119.72,36.13,2,3,0,1,1,0,0,0,0,0,0,0,0,0,0,0,0,0,0,0,0,0,0,0,0,1,0,0,0,1389,0,0,0,6500
14136,2,208.43,732.8,455.3,124.86,761.52,229600,206,380,0,1,120.68,36.47,3,5,0,1,0,0,0,0,0,0,1,0,0,0,0,0,0,0,0,0,0,0,1,0,0,0,1,0,0,3492,2,0,0,17000
14136,2,208.43,732.8,455.3,124.86,761.52,229600,89,138,0,1,120.44,36.32,3,4,1,0,0,1,1,0,0,0,1,0,0,0,0,0,0,0,0,0,0,0,0,0,0,0,0,0,1,956,2,0,0,16500
14136,2,208.43,732.8,455.3,124.86,761.52,229600,88,112,0,0,120.08,35.94,2,3,1,1,1,0,0,0,0,0,0,0,0,0,0,0,0,0,0,0,0,0,0,0,0,0,0,0,0,1509,2,0,0,15800
14136,2,208.43,732.8,455.3,124.86,761.52,229600,85,118,0,1,120.43,36.28,2,3,1,0,0,1,1,0,0,0,0,1,0,0,0,0,0,0,0,0,0,0,0,0,0,0,0,0,1,1071,2,0,1,15000
14136,2,208.43,732.8,455.3,124.86,761.52,229600,66,178,0,1,120.13,35.93,1,4,0,0,1,1,1,0,0,0,0,0,0,0,0,0,1,0,0,0,0,0,0,0,0,0,0,0,1,1084,2,0,0,13000
14136,2,208.43,732.8,455.3,124.86,761.52,229600,151,180,0,0,120.28,35.98,3,3,0,1,1,0,0,0,0,0,1,0,0,0,0,0,0,0,0,0,0,0,0,0,0,1,0,0,1,2343,0,0,1,30000
14136,2,208.43,732.8,455.3,124.86,761.52,229600,117,133,0,0,120.4,36.12,3,3,0,0,1,1,1,0,0,0,0,0,0,0,0,0,1,0,0,0,0,0,0,0,0,0,0,0,1,1542,2,0,1,33000
2007.45,5,8.71,152.9,53.31,9.2,93.65,2513919,79,120,0,0,112.99,23.48,3,4,0,1,1,0,0,0,0,0,0,0,0,0,0,0,0,0,0,0,0,0,0,0,0,0,0,0,0,1286,2,0,0,6900
2007.45,5,8.71,152.9,53.31,9.2,93.65,2513919,67,127,0,1,113.04,23.68,1,3,0,0,0,0,0,0,0,1,0,0,0,0,1,0,0,0,1,0,0,0,0,0,0,0,0,0,0,564,2,0,0,6900
2007.45,5,8.71,152.9,53.31,9.2,93.65,2513919,85,118,0,0,113.06,23.72,3,3,0,0,0,0,0,1,0,0,0,0,0,0,0,1,0,0,0,0,0,1,0,0,0,0,0,0,0,686,2,0,0,7500
2007.45,5,8.71,152.9,53.31,9.2,93.65,2513919,67,113,0,0,113.06,23.54,2,4,0,1,0,0,0,0,0,0,0,0,0,0,0,0,0,0,0,0,0,0,0,1,0,0,0,0,0,1041,0,0,0,7500
2007.45,5,8.71,152.9,53.31,9.2,93.65,2513919,39,120,0,0,113.07,23.67,1,4,1,0,0,1,1,0,0,0,0,0,0,0,0,0,0,0,0,0,0,0,0,1,0,0,0,0,0,1691,0,0,0,9500
2007.45,5,8.71,152.9,53.31,9.2,93.65,2513919,99,270,0,0,113.08,23.7,3,4,1,0,0,0,1,0,0,0,0,0,0,0,0,0,0,0,0,0,0,0,0,1,0,0,0,0,0,870,0,0,0,16000
2007.45,5,8.71,152.9,53.31,9.2,93.65,2513919,38,139,0,1,113.03,23.69,1,4,1,0,1,1,1,0,0,0,0,0,0,0,0,0,0,0,0,0,0,0,0,0,0,0,0,0,0,1875,0,0,0,9100
2007.45,5,8.71,152.9,53.31,9.2,93.65,2513919,85,126,0,0,113.02,23.72,3,4,0,1,0,1,0,0,0,0,1,0,0,0,0,0,0,0,0,0,0,0,0,0,0,0,0,0,0,924,2,0,0,7000
2007.45,5,8.71,152.9,53.31,9.2,93.65,2513919,118,146,0,0,113.06,23.71,3,4,0,0,0,0,0,0,0,0,1,0,0,0,1,0,0,0,0,0,0,0,0,0,1,0,0,0,0,1266,0,0,0,8500
337.87,5,0.69,52.3,8.64,12.2,20.68,221000,110,126,0,0,110.62,19.23,3,3,0,1,0,0,0,0,0,0,1,0,0,0,1,0,0,0,0,0,0,0,0,0,0,1,0,0,0,1450,0,0,0,19800
337.87,5,0.69,52.3,8.64,12.2,20.68,221000,58,134,0,0,110.62,19.22,1,4,0,1,0,0,0,0,0,1,0,0,0,0,0,1,0,0,0,0,0,0,0,0,0,1,0,0,0,2856,0,0,0,22000
337.87,5,0.69,52.3,8.64,12.2,20.68,221000,57,147,0,0,110.6,19.2,1,3,0,1,0,0,0,0,0,1,0,0,0,0,0,1,0,0,0,0,0,0,0,0,1,0,0,0,0,1874,0,0,0,17000
337.87,5,0.69,52.3,8.64,12.2,20.68,221000,53,80,0,1,110.46,19.27,1,2,0,1,0,1,0,0,0,1,1,0,0,0,0,0,0,0,0,0,0,0,0,0,0,0,0,0,0,2276,0,0,0,12000
337.87,5,0.69,52.3,8.64,12.2,20.68,221000,59,139,0,0,110.49,19.25,1,3,1,0,0,1,1,0,0,0,1,0,0,0,0,0,0,0,0,0,0,0,0,0,0,0,0,0,0,1237,0,0,0,13500
337.87,5,0.69,52.3,8.64,12.2,20.68,221000,101,141,0,0,110.47,19.28,2,3,1,1,0,0,0,0,0,0,1,0,0,0,0,0,0,0,0,0,0,0,0,0,0,1,0,0,0,1308,0,0,0,15000
337.87,5,0.69,52.3,8.64,12.2,20.68,221000,45,99,0,0,110.48,19.27,1,3,0,0,0,1,1,0,0,1,1,0,0,0,0,0,0,0,0,0,0,0,0,0,0,0,0,0,0,1281,0,0,0,14000
6490.3,1,27.38,569,361.67,11.3,334.77,176100,85,141,0,0,114.55,38.08,2,3,1,0,0,0,1,0,0,0,0,1,0,0,0,0,0,0,0,0,0,0,0,0,0,0,0,0,0,246,2,0,0,17500
6490.3,1,27.38,569,361.67,11.3,334.77,176100,88,177,0,1,114.57,38.06,2,4,0,0,0,0,0,0,0,0,0,0,0,0,1,1,0,1,0,0,0,0,0,1,0,0,0,0,1,837,2,0,0,19000
6490.3,1,27.38,569,361.67,11.3,334.77,176100,82,143,0,0,114.44,38,2,4,1,0,0,0,1,0,0,0,0,0,0,0,1,1,0,0,0,0,0,0,0,0,0,0,0,0,0,266,2,0,0,16500
6490.3,1,27.38,569,361.67,11.3,334.77,176100,88,132,0,0,114.62,37.99,2,3,0,1,1,0,0,0,0,0,0,0,0,0,0,0,0,0,0,0,0,0,0,1,0,1,0,0,1,215,2,1,0,12000
6490.3,1,27.38,569,361.67,11.3,334.77,176100,76,128,0,1,114.6,37.98,2,3,1,0,0,0,0,0,0,0,0,0,0,0,1,0,0,1,0,0,0,0,0,0,0,0,0,0,1,470,2,0,0,11000
6490.3,1,27.38,569,361.67,11.3,334.77,176100,258,258,0,1,114.44,38.11,1,1,0,0,1,1,1,0,0,0,0,0,0,0,0,0,0,1,0,0,0,0,0,0,0,0,2,0,1,1571,2,0,0,17000
6490.3,1,27.38,569,361.67,11.3,334.77,176100,161,335,0,1,114.43,38.02,3,4,0,0,1,1,1,0,0,0,0,0,0,0,0,0,0,1,0,0,0,0,0,0,0,0,0,0,0,2392,2,0,0,20500
6490.3,1,27.38,569,361.67,11.3,334.77,176100,161,563,0,1,114.52,38.04,3,7,0,0,0,1,1,0,0,0,0,0,0,0,0,0,1,0,0,0,0,0,0,1,0,0,0,0,1,1519,0,0,0,33000
6490.3,1,27.38,569,361.67,11.3,334.77,176100,85,141,0,0,114.55,38.08,2,3,1,0,0,0,1,0,0,0,0,1,0,0,0,0,0,0,0,0,0,0,0,0,0,0,0,0,0,246,2,0,1,17500
6490.3,1,27.38,569,361.67,11.3,334.77,176100,82,143,0,0,114.44,38,2,4,1,0,0,0,1,0,0,0,0,0,0,0,1,1,0,0,0,0,0,0,0,0,0,0,0,0,0,266,2,0,1,16500
7249,0,142.37,625,474,190,570,270000,94,132,0,1,123.33,41.84,3,4,1,1,1,1,0,0,0,0,0,0,0,0,0,0,0,0,0,0,0,0,0,0,0,0,0,0,1,255,0,0,2,11000
7249,0,142.37,625,474,190,570,270000,135,220,0,1,123.33,41.84,3,8,1,0,1,0,0,0,0,0,0,0,0,0,0,0,0,0,0,0,0,0,0,0,0,0,1,0,1,180,0,0,0,12500
7249,0,142.37,625,474,190,570,270000,90,163,0,1,123.44,41.74,2,5,0,0,0,1,1,0,0,0,1,0,0,0,0,0,0,0,0,0,0,0,0,1,0,0,0,0,1,1723,2,0,2,20000
7249,0,142.37,625,474,190,570,270000,34,75,0,1,123.47,41.78,1,1,1,0,1,1,0,0,0,0,0,0,0,0,0,0,0,0,0,0,0,0,0,0,0,0,2,0,0,1789,0,0,0,8000
7249,0,142.37,625,474,190,570,270000,50,146,0,1,123.51,41.7,1,4,0,0,1,0,0,0,0,0,0,0,0,0,0,0,0,0,0,0,0,0,0,0,0,0,0,0,1,1053,0,0,0,9600
7249,0,142.37,625,474,190,570,270000,46,88,0,1,123.47,41.85,1,2,1,0,0,1,0,0,0,0,0,0,0,0,0,0,0,0,0,0,0,0,0,0,0,0,0,0,1,2058,0,0,0,9000
7249,0,142.37,625,474,190,570,270000,47,119,0,1,123.45,41.81,1,3,0,0,1,1,0,0,0,0,0,0,0,0,0,0,1,0,0,0,0,0,0,0,0,0,0,0,1,2807,0,0,0,13500
7249,0,142.37,625,474,190,570,270000,75,112,0,1,123.43,41.96,2,3,1,0,0,0,0,0,0,0,0,0,0,0,0,0,1,0,0,0,0,0,0,0,0,0,0,0,0,1254,0,0,0,6500
7249,0,142.37,625,474,190,570,270000,64,133,0,1,123.45,41.72,2,3,0,1,1,1,0,0,0,0,0,0,0,0,0,0,1,0,0,0,0,0,0,0,0,0,0,0,1,1927,0,0,0,13500
7249,0,142.37,625,474,190,570,270000,85,125,0,1,123.36,41.88,2,3,1,0,0,1,1,0,0,0,0,0,0,0,0,0,0,0,0,0,0,0,0,0,0,0,0,0,1,1421,0,0,5,8600
43214.85,2,179.68,2489.4,2489.43,1047.97,1242,585700,76,151,1,0,121.31,30.84,2,4,0,0,0,0,0,0,0,1,0,0,0,0,0,1,0,1,0,0,1,0,0,0,0,0,0,0,0,336,2,1,2,21074
43214.85,2,179.68,2489.4,2489.43,1047.97,1242,585700,84,130,0,0,121.4,30.91,2,4,0,0,0,0,0,0,0,0,0,0,0,0,1,1,0,0,0,0,1,0,0,0,0,0,0,0,0,218,2,0,0,29800
43214.85,2,179.68,2489.4,2489.43,1047.97,1242,585700,93,143,0,0,121.93,30.88,3,4,0,0,0,0,0,0,0,0,0,0,0,0,1,1,0,0,1,0,0,0,0,0,0,0,0,0,0,188,2,0,2,34000
43214.85,2,179.68,2489.4,2489.43,1047.97,1242,585700,98,118,0,0,120.85,31.12,3,3,0,0,0,0,0,0,0,0,0,0,0,0,0,1,0,1,0,0,0,0,0,0,0,0,0,0,0,444,2,0,0,16300
43214.85,2,179.68,2489.4,2489.43,1047.97,1242,585700,48,94,0,0,121.77,31.99,1,3,0,1,0,0,0,0,0,0,0,0,0,0,0,0,0,1,0,0,0,0,0,0,0,0,0,0,1,524,2,1,0,10500
43214.85,2,179.68,2489.4,2489.43,1047.97,1242,585700,70,145,1,1,120.98,30.54,2,4,0,0,1,0,0,0,0,0,0,0,0,0,0,0,0,1,0,0,0,0,0,0,0,0,0,0,1,661,2,0,0,13500
43214.85,2,179.68,2489.4,2489.43,1047.97,1242,585700,90,125,0,0,120.97,31.19,2,3,0,1,1,0,0,0,0,0,0,0,0,0,0,0,0,1,0,0,0,0,0,0,0,0,0,0,1,525,2,1,1,19000
43214.85,2,179.68,2489.4,2489.43,1047.97,1242,585700,87,128,1,1,120.97,30.14,3,3,0,1,0,0,0,0,0,0,0,0,0,0,0,0,0,1,0,0,0,0,0,0,0,0,0,0,0,1723,0,0,0,8000
43214.85,2,179.68,2489.4,2489.43,1047.97,1242,585700,76,151,1,0,121.31,30.84,2,4,0,0,0,0,0,0,0,1,0,0,0,0,0,1,0,1,0,0,1,0,0,0,0,0,0,0,0,336,2,1,0,21074
43214.85,2,179.68,2489.4,2489.43,1047.97,1242,585700,93,143,0,0,121.93,30.88,3,4,0,0,0,0,0,0,0,0,0,0,0,0,1,1,0,0,1,0,0,0,0,0,0,0,0,0,0,188,2,0,0,34000
43214.85,2,179.68,2489.4,2489.43,1047.97,1242,585700,90,125,0,0,120.97,31.19,2,3,0,1,1,0,0,0,0,0,0,0,0,0,0,0,0,1,0,0,0,0,0,0,0,0,0,0,1,525,2,1,0,19000
22718.34,2,124.5,396.2,304.42,356.9,481.33,581200,89,142,0,0,120.46,31.37,3,4,0,0,0,0,0,0,0,0,0,1,0,0,1,1,0,0,0,0,0,0,0,0,0,0,0,0,0,455,2,0,15,20850
22718.34,2,124.5,396.2,304.42,356.9,481.33,581200,98,140,0,0,120.45,31.36,3,4,0,0,1,0,1,0,0,0,0,0,0,0,0,0,0,1,0,0,0,0,0,0,0,0,0,0,1,898,2,0,12,28000
22718.34,2,124.5,396.2,304.42,356.9,481.33,581200,100,125,0,0,120.42,31.37,3,4,1,0,0,0,0,0,0,0,0,1,0,0,0,0,0,1,0,0,0,0,1,0,0,0,0,0,1,518,2,0,12,24800
22718.34,2,124.5,396.2,304.42,356.9,481.33,581200,118,170,0,1,120.54,31.27,3,4,0,1,1,1,0,0,0,0,0,0,0,0,0,0,1,0,0,0,0,0,0,0,0,0,0,0,1,598,2,1,15,26000
22718.34,2,124.5,396.2,304.42,356.9,481.33,581200,95,119,0,0,120.61,31.21,3,3,0,0,0,0,0,0,0,0,0,1,0,0,1,0,0,1,0,0,0,0,0,1,0,0,0,0,1,839,2,0,12,24000
22718.34,2,124.5,396.2,304.42,356.9,481.33,581200,289,294,0,1,120.44,31.23,4,4,0,1,1,0,0,0,0,0,0,0,0,0,0,0,0,1,0,0,0,0,0,0,0,1,1,0,1,2499,2,0,9,36000
22718.34,2,124.5,396.2,304.42,356.9,481.33,581200,338,496,0,1,120.33,31.14,6,6,0,0,0,0,0,0,0,0,0,0,1,0,1,0,0,0,0,0,0,0,0,0,0,0,1,0,1,2484,0,0,5,15000
22718.34,2,124.5,396.2,304.42,356.9,481.33,581200,86,127,0,1,120.86,31.04,2,3,0,1,1,1,0,0,0,0,0,0,0,0,0,0,0,1,0,0,0,0,0,0,0,0,0,0,0,231,2,0,6,16000
22718.34,2,124.5,396.2,304.42,356.9,481.33,581200,220,389,0,1,120.6,31.15,3,6,0,1,1,0,1,0,0,0,0,0,0,0,0,0,1,0,0,0,0,0,0,0,0,0,0,1,1,719,0,0,15,18354
6795.26,2,65.38,219.9,113.46,116.3,263.05,784338,95,105,0,0,120.6,30.06,3,3,0,0,0,0,0,0,0,0,0,0,0,0,1,1,0,0,0,0,1,0,0,0,0,0,0,0,0,308,2,0,0,31000
6795.26,2,65.38,219.9,113.46,116.3,263.05,784338,98,115,0,0,120.54,30.09,3,3,0,0,0,0,0,0,0,0,0,0,0,0,1,0,0,0,1,0,0,0,0,0,0,0,0,0,1,750,2,1,0,24300
6795.26,2,65.38,219.9,113.46,116.3,263.05,784338,89,132,0,0,120.84,29.58,3,4,0,1,1,1,0,0,0,0,0,0,0,0,0,0,0,0,0,0,0,0,0,0,0,0,0,0,0,1339,0,0,0,13500
6795.26,2,65.38,219.9,113.46,116.3,263.05,784338,89,139,0,1,120.74,29.53,3,4,0,1,0,0,0,0,0,0,1,0,0,0,1,0,0,0,0,0,0,0,0,0,1,0,0,0,1,855,2,1,0,7700
6795.26,2,65.38,219.9,113.46,116.3,263.05,784338,193,235,0,1,120.74,29.53,4,5,0,1,0,0,0,0,0,0,1,0,0,0,0,0,0,0,0,0,0,0,0,0,1,0,1,0,0,1239,2,0,0,13800
6795.26,2,65.38,219.9,113.46,116.3,263.05,784338,95,220,0,1,120.38,30.15,3,6,0,1,1,0,0,0,0,0,1,0,0,0,0,0,0,0,0,0,0,0,0,0,1,0,0,0,0,1144,0,0,0,20000
6795.26,2,65.38,219.9,113.46,116.3,263.05,784338,128,169,0,0,120.62,30.03,4,4,1,0,1,1,1,0,0,0,0,0,0,0,0,0,0,0,0,0,0,0,0,0,0,0,0,0,1,1085,2,1,0,30000
6795.26,2,65.38,219.9,113.46,116.3,263.05,784338,39,48,0,0,120.6,30.06,1,1,0,1,0,1,0,0,0,0,1,0,0,0,0,0,0,0,0,0,0,0,0,1,0,0,2,0,0,1175,2,1,0,17500
12691.02,6,53.33,671,428.12,291.1,670,54372,97,146,0,0,113.63,34.84,3,4,0,0,0,0,0,0,0,0,0,0,1,0,1,1,0,0,0,0,0,0,0,0,0,0,0,0,0,336,2,1,0,18300
12691.02,6,53.33,671,428.12,291.1,670,54372,131,143,0,0,113.77,34.85,3,4,1,0,0,0,0,0,0,0,0,0,0,0,0,0,0,0,0,0,0,0,0,1,0,0,0,0,0,539,2,0,0,18000
12691.02,6,53.33,671,428.12,291.1,670,54372,58,113,0,1,113.7,34.73,1,3,0,0,1,0,0,0,0,0,0,0,0,0,0,0,1,0,0,0,0,0,0,0,0,0,0,0,1,658,2,0,0,9800
12691.02,6,53.33,671,428.12,291.1,670,54372,78,135,0,1,113.46,34.76,2,4,1,0,0,0,1,0,0,0,0,0,0,0,0,0,0,0,0,0,0,0,0,1,0,0,0,0,0,550,2,1,0,6900
12691.02,6,53.33,671,428.12,291.1,670,54372,91,233,0,1,113.66,34.82,2,7,1,0,0,1,1,0,0,0,0,0,0,0,0,0,1,0,0,0,0,0,0,0,0,0,0,0,1,528,2,1,0,18500
12691.02,6,53.33,671,428.12,291.1,670,54372,75,118,0,0,113.64,34.66,2,3,1,0,0,0,1,0,0,0,0,1,0,0,0,0,0,0,0,0,0,0,0,1,0,0,0,0,0,610,2,0,0,10500
12691.02,6,53.33,671,428.12,291.1,670,54372,86,106,0,0,113.88,34.69,2,3,0,0,0,0,0,1,0,0,0,0,0,0,1,0,0,0,0,0,0,0,0,0,0,0,0,0,0,295,2,0,0,7800
12691.02,6,53.33,671,428.12,291.1,670,54372,96,133,0,1,113.72,34.63,3,4,0,0,0,0,0,0,0,0,0,0,0,0,1,1,0,0,1,0,0,1,0,0,0,0,0,0,0,433,2,1,0,7300
12691.02,6,53.33,671,428.12,291.1,670,54372,111,146,0,1,113.72,34.74,3,4,0,1,1,1,0,0,0,0,0,0,0,0,0,0,1,0,0,0,0,0,0,0,0,0,0,0,1,497,2,0,0,16000
30664.85,5,273.42,1768.2,1768.16,906,956.1,171656,65,138,0,0,114.23,22.56,2,5,0,0,0,0,0,0,0,0,0,0,0,0,1,1,0,0,0,0,0,1,0,0,0,0,0,0,0,441,2,0,0,57500
30664.85,5,273.42,1768.2,1768.16,906,956.1,171656,85,93,0,0,113.86,22.63,3,3,0,0,0,0,0,0,0,0,0,0,0,0,1,0,0,0,1,0,0,1,0,0,0,0,0,0,1,175,2,0,0,64300
30664.85,5,273.42,1768.2,1768.16,906,956.1,171656,73,158,0,1,114.13,22.58,2,4,0,0,0,0,1,0,0,0,0,1,0,0,0,0,0,0,0,0,0,0,0,1,0,0,0,0,0,435,2,0,0,79000
30664.85,5,273.42,1768.2,1768.16,906,956.1,171656,93,113,0,0,114.04,22.65,3,3,0,0,0,0,1,0,0,0,0,1,0,0,0,0,0,0,0,0,0,0,0,1,0,0,0,0,1,287,2,0,0,65500
30664.85,5,273.42,1768.2,1768.16,906,956.1,171656,122,175,0,0,114.07,22.52,3,4,0,0,0,0,0,0,0,0,0,0,0,0,1,0,0,0,1,0,0,1,0,0,0,0,0,0,0,181,2,0,0,112800
30664.85,5,273.42,1768.2,1768.16,906,956.1,171656,71,81,0,0,114.27,22.69,3,3,0,0,0,0,0,0,0,0,0,0,0,0,1,0,0,0,1,0,0,0,0,0,0,0,0,0,1,99,2,0,0,38000
30664.85,5,273.42,1768.2,1768.16,906,956.1,171656,109,143,0,0,113.9,22.49,3,4,0,0,0,0,0,0,0,0,0,0,0,0,1,0,0,0,0,0,0,0,0,0,0,0,0,0,1,236,2,1,0,104300
30664.85,5,273.42,1768.2,1768.16,906,956.1,171656,33,77,0,0,114.06,22.72,2,4,0,1,1,1,0,0,0,0,0,0,0,0,0,0,0,0,0,0,0,0,0,1,0,0,2,0,1,1038,0,0,0,45000
835.37,5,5.29,66.9,40,37.7,58.03,158392,100,130,0,0,109.5,18.28,3,4,1,0,1,1,1,0,0,0,0,0,0,0,0,0,0,0,0,0,0,0,0,0,0,0,0,0,1,382,2,0,0,40000
835.37,5,5.29,66.9,40,37.7,58.03,158392,104,109,0,0,109.54,18.31,3,3,0,0,0,0,0,0,0,0,0,1,0,0,1,0,0,0,0,0,0,0,0,0,0,0,0,0,0,535,2,0,0,30000
835.37,5,5.29,66.9,40,37.7,58.03,158392,107,160,0,0,109.56,18.29,3,4,1,1,0,0,0,0,0,0,1,0,0,0,0,0,0,0,0,0,0,0,0,0,0,1,0,0,1,747,2,0,0,33000
835.37,5,5.29,66.9,40,37.7,58.03,158392,82,209,0,0,109.74,18.41,2,4,0,1,0,0,0,0,0,0,0,1,0,0,0,0,0,0,0,0,0,0,0,0,1,0,0,0,0,779,0,0,0,30000
15695.05,1,256.54,1373,1165.4,353.48,1237.33,132900,78,150,0,0,117.08,39.07,2,3,0,1,0,0,0,0,0,0,0,0,0,0,0,0,1,0,0,0,0,0,0,1,0,0,0,0,1,505,2,0,6,15000
15695.05,1,256.54,1373,1165.4,353.48,1237.33,132900,84,164,0,0,117.08,39.14,2,3,0,0,1,1,0,0,1,0,0,0,0,0,0,0,0,0,0,0,0,0,0,1,0,0,0,0,1,627,2,0,9,23000
15695.05,1,256.54,1373,1165.4,353.48,1237.33,132900,110,165,0,1,117,39.17,3,4,0,1,0,0,0,0,0,0,0,0,0,0,1,0,0,1,0,0,0,0,0,0,0,1,2,0,1,1694,0,0,0,26000
15695.05,1,256.54,1373,1165.4,353.48,1237.33,132900,90,131,0,1,117.12,38.88,2,3,1,0,0,0,0,0,0,0,0,0,0,0,0,0,0,1,0,0,0,0,0,0,0,0,0,0,1,903,0,0,2,7000
15695.05,1,256.54,1373,1165.4,353.48,1237.33,132900,37,40,0,1,117.39,39.17,1,1,1,0,0,1,0,0,0,0,0,0,0,0,0,0,0,1,0,0,0,0,0,0,0,0,2,0,0,1895,0,0,0,8880
15695.05,1,256.54,1373,1165.4,353.48,1237.33,132900,62,79,0,1,117.37,39.09,1,2,0,0,1,0,0,0,1,0,0,0,0,0,0,0,1,0,0,0,0,0,0,0,0,0,2,0,1,813,0,0,2,10400
15695.05,1,256.54,1373,1165.4,353.48,1237.33,132900,45,68,0,1,117.45,39.17,1,1,0,1,0,0,0,0,0,0,0,0,0,0,0,0,0,1,0,0,0,0,0,0,1,0,2,0,1,3177,2,0,0,7500
15695.05,1,256.54,1373,1165.4,353.48,1237.33,132900,73,144,0,1,117.06,39.35,2,4,0,1,0,0,0,0,0,0,0,0,0,0,0,0,0,1,0,0,0,0,0,0,0,0,0,0,1,938,2,0,1,10500
15695.05,1,256.54,1373,1165.4,353.48,1237.33,132900,132,138,0,1,117.2,39.05,3,3,0,1,1,1,0,0,0,0,0,0,0,0,0,0,1,0,0,0,0,0,0,0,0,0,0,0,0,1996,0,0,0,31000
5121.61,1,65.5,395,311.8,103,340,66000,87,143,0,0,112.63,37.86,2,3,1,0,0,1,1,0,0,0,1,0,0,0,0,0,0,0,0,0,0,0,0,0,0,0,0,0,1,794,2,1,0,10800
5121.61,1,65.5,395,311.8,103,340,66000,88,125,0,1,112.5,37.8,2,3,1,0,0,0,1,0,0,0,0,0,0,0,1,1,0,0,0,0,0,0,0,0,0,0,0,0,0,99,2,0,0,9300
5121.61,1,65.5,395,311.8,103,340,66000,67,106,0,1,112.62,37.82,3,4,1,1,1,1,0,0,0,0,0,0,0,0,0,0,0,0,0,0,0,0,0,0,0,0,2,0,0,1645,0,0,0,14500
5121.61,1,65.5,395,311.8,103,340,66000,166,306,0,1,112.62,37.87,3,6,1,0,1,1,1,0,0,0,0,0,0,0,0,0,0,0,0,0,0,0,0,0,0,0,0,0,0,2198,2,0,0,8500
5121.61,1,65.5,395,311.8,103,340,66000,53,95,0,1,112.56,37.89,1,2,0,1,0,1,0,0,0,1,1,0,0,0,0,0,0,0,0,0,0,0,0,0,0,0,0,0,0,2296,2,0,0,14000
5121.61,1,65.5,395,311.8,103,340,66000,170,280,0,0,112.56,37.89,3,5,1,0,0,1,1,0,0,0,1,0,0,0,0,0,0,0,0,0,0,0,0,0,0,0,0,0,1,1182,2,0,0,22000
5121.61,1,65.5,395,311.8,103,340,66000,156,298,0,1,112.54,37.79,3,4,1,0,0,1,1,0,0,0,1,0,0,0,0,0,0,0,0,0,0,0,0,0,0,0,0,0,1,3442,0,0,0,14500
5121.61,1,65.5,395,311.8,103,340,66000,81,81,0,1,112.59,37.75,2,2,1,0,0,1,1,0,0,0,1,0,0,0,0,0,0,0,0,0,0,0,0,0,0,0,0,0,0,2856,0,0,0,11000
14003.24,2,71.11,281.5,244.02,64.4,356.25,373400,118,172,0,0,120.31,31.47,3,4,1,0,0,0,1,0,0,0,0,1,0,0,1,0,0,0,0,0,0,0,0,0,0,0,0,0,1,476,2,1,0,33000
14003.24,2,71.11,281.5,244.02,64.4,356.25,373400,99,143,0,0,120.3,31.48,3,4,0,0,0,0,0,0,0,0,0,0,0,0,1,1,0,0,1,0,0,0,0,0,0,0,0,0,0,44975,2,1,0,31000
14003.24,2,71.11,281.5,244.02,64.4,356.25,373400,89,118,0,0,120.41,31.59,3,4,1,0,0,0,1,0,0,0,0,0,0,0,0,0,0,0,0,0,0,0,1,1,0,0,0,0,1,507,2,1,0,20000
14003.24,2,71.11,281.5,244.02,64.4,356.25,373400,110,170,0,0,120.21,31.61,3,3,0,0,0,0,1,0,0,0,0,0,0,0,1,1,0,0,0,0,0,0,0,1,0,0,0,0,0,505,2,1,0,17500
14003.24,2,71.11,281.5,244.02,64.4,356.25,373400,89,140,0,0,120.31,31.65,3,4,1,0,0,0,0,0,0,0,0,1,0,0,0,0,0,0,0,0,0,0,0,1,0,0,0,0,0,719,2,0,0,24000
14003.24,2,71.11,281.5,244.02,64.4,356.25,373400,79,160,0,0,120.25,31.62,2,4,1,1,1,1,0,0,0,0,0,0,0,0,0,0,0,0,0,0,0,0,0,0,0,0,0,0,1,838,0,0,0,18000
14003.24,2,71.11,281.5,244.02,64.4,356.25,373400,87,144,0,0,120.31,31.59,2,4,0,0,0,1,1,0,0,0,0,0,0,0,0,0,1,0,0,0,0,0,0,1,0,0,0,0,0,506,2,1,0,28000
14003.24,2,71.11,281.5,244.02,64.4,356.25,373400,55,89,0,0,120.31,31.49,1,1,0,0,0,1,1,0,0,0,0,0,0,0,0,0,1,0,0,0,0,0,0,1,0,0,2,0,0,1631,0,0,0,11000
14003.24,2,71.11,281.5,244.02,64.4,356.25,373400,95,227,0,0,120.32,31.54,3,4,1,0,1,1,1,0,0,0,0,0,0,0,0,0,0,0,0,0,0,0,0,0,0,0,0,0,1,780,0,0,0,24000
14003.24,2,71.11,281.5,244.02,64.4,356.25,373400,300,300,0,1,120.32,31.56,4,5,0,0,0,1,1,0,0,0,0,0,0,0,0,0,1,0,0,0,0,0,0,1,0,0,0,0,1,4459,0,0,0,16000
3463.93,2,38.34,174.4,85.2,20.5,197.39,122900,88,170,0,0,122.04,37.47,2,5,1,0,1,1,1,0,0,0,0,0,0,0,0,0,0,0,0,0,0,0,0,0,0,0,0,0,0,1257,0,0,0,11800
3463.93,2,38.34,174.4,85.2,20.5,197.39,122900,49,135,0,1,122.13,37.45,1,3,0,1,1,1,0,0,0,0,1,0,0,0,0,0,0,0,0,0,0,0,0,0,0,0,0,0,0,1583,0,0,0,9800
3463.93,2,38.34,174.4,85.2,20.5,197.39,122900,78,133,0,1,121.94,37.46,2,3,0,1,0,0,1,0,0,0,0,1,0,0,0,0,0,0,0,0,0,0,0,0,0,0,0,0,0,1436,0,0,0,7200
3463.93,2,38.34,174.4,85.2,20.5,197.39,122900,322,2841,0,1,122.12,37.55,4,7,0,1,1,0,0,0,0,0,1,0,0,0,0,0,0,0,0,0,0,0,0,0,1,0,1,0,0,2088,2,0,0,12000
3463.93,2,38.34,174.4,85.2,20.5,197.39,122900,51,122,0,1,122.13,37.41,2,3,0,1,1,0,0,0,0,0,1,0,0,0,0,0,0,0,0,0,0,0,0,0,1,0,0,0,0,2058,0,0,0,7300
3463.93,2,38.34,174.4,85.2,20.5,197.39,122900,43,52,0,0,122.09,37.55,1,1,0,1,0,0,0,0,0,0,1,0,0,0,0,1,0,0,0,0,0,0,0,0,0,1,2,0,0,1770,0,0,0,8000
3463.93,2,38.34,174.4,85.2,20.5,197.39,122900,95,334,0,1,122.17,37.45,2,6,0,1,1,0,0,0,0,0,1,0,0,0,0,0,0,0,0,0,0,0,0,0,1,0,0,0,0,301,2,0,0,16500
3463.93,2,38.34,174.4,85.2,20.5,197.39,122900,65,140,0,1,122.22,37.39,1,4,0,1,1,0,0,0,0,0,1,0,0,0,0,0,0,0,0,0,0,0,0,0,0,0,0,0,0,3396,0,0,0,8000
17716.76,6,48.12,934.1,702.61,542.8,885.11,1154200,89,129,0,1,114.46,30.43,3,4,0,1,1,1,0,0,0,0,0,0,0,0,0,0,1,0,0,0,0,0,0,0,0,0,0,0,1,658,2,0,50,16000
17716.76,6,48.12,934.1,702.61,542.8,885.11,1154200,93,127,0,0,114.28,30.63,3,3,0,0,0,0,0,0,0,0,0,0,0,0,1,1,0,0,0,0,0,1,0,0,0,0,0,0,0,505,2,0,53,25000
17716.76,6,48.12,934.1,702.61,542.8,885.11,1154200,102,175,0,1,114.23,30.57,3,5,0,0,0,0,0,0,0,0,0,0,0,0,0,0,0,0,0,0,1,1,0,0,0,0,0,0,0,140,2,0,12,19500
17716.76,6,48.12,934.1,702.61,542.8,885.11,1154200,93,120,0,0,114.29,30.42,3,4,0,1,1,0,0,0,0,0,0,0,0,0,0,0,0,1,0,0,0,0,0,0,0,1,0,0,1,710,2,1,45,12900
17716.76,6,48.12,934.1,702.61,542.8,885.11,1154200,49,62,1,1,114.39,30.64,1,1,0,0,1,1,1,0,0,0,0,0,0,0,0,0,0,1,0,0,0,0,0,0,0,0,2,0,1,2057,2,1,8,13500
17716.76,6,48.12,934.1,702.61,542.8,885.11,1154200,108,160,0,1,114.02,30.58,3,4,0,1,1,1,0,0,0,0,0,0,0,0,0,0,1,0,0,0,0,0,0,0,0,0,0,0,1,201,2,0,30,9200
17716.76,6,48.12,934.1,702.61,542.8,885.11,1154200,50,168,0,1,114.29,30.58,1,4,0,0,1,1,1,0,0,0,0,0,0,0,0,0,0,1,0,0,0,0,0,0,0,0,2,0,0,1558,0,0,15,35000
17716.76,6,48.12,934.1,702.61,542.8,885.11,1154200,114,163,0,1,114.23,30.73,3,5,0,1,1,1,0,0,0,0,0,0,0,0,0,0,1,0,0,0,0,0,0,0,0,0,0,0,1,1277,2,0,31,11400
17716.76,6,48.12,934.1,702.61,542.8,885.11,1154200,125,280,0,0,114.26,30.52,3,4,0,0,0,1,1,0,0,0,0,0,0,0,0,0,1,0,0,0,0,0,0,1,0,0,0,0,1,680,2,0,45,25000
17716.76,6,48.12,934.1,702.61,542.8,885.11,1154200,89,129,0,1,114.46,30.43,3,4,0,1,1,1,0,0,0,0,0,0,0,0,0,0,1,0,0,0,0,0,0,0,0,0,0,0,1,658,2,0,0,16000
17716.76,6,48.12,934.1,702.61,542.8,885.11,1154200,93,127,0,0,114.28,30.63,3,3,0,0,0,0,0,0,0,0,0,0,0,0,1,1,0,0,0,0,0,1,0,0,0,0,0,0,0,505,2,0,0,25000
17716.76,6,48.12,934.1,702.61,542.8,885.11,1154200,102,175,0,1,114.23,30.57,3,5,0,0,0,0,0,0,0,0,0,0,0,0,0,0,0,0,0,0,1,1,0,0,0,0,0,0,0,140,2,0,0,19500
17716.76,6,48.12,934.1,702.61,542.8,885.11,1154200,93,120,0,0,114.29,30.42,3,4,0,1,1,0,0,0,0,0,0,0,0,0,0,0,0,1,0,0,0,0,0,0,0,1,0,0,1,710,2,1,0,12900
17716.76,6,48.12,934.1,702.61,542.8,885.11,1154200,49,62,1,1,114.39,30.64,1,1,0,0,1,1,1,0,0,0,0,0,0,0,0,0,0,1,0,0,0,0,0,0,0,0,2,0,1,2057,2,1,0,13500
17716.76,6,48.12,934.1,702.61,542.8,885.11,1154200,108,160,0,1,114.02,30.58,3,4,0,1,1,1,0,0,0,0,0,0,0,0,0,0,1,0,0,0,0,0,0,0,0,0,0,0,1,201,2,0,0,9200
17716.76,6,48.12,934.1,702.61,542.8,885.11,1154200,50,168,0,1,114.29,30.58,1,4,0,0,1,1,1,0,0,0,0,0,0,0,0,0,0,1,0,0,0,0,0,0,0,0,2,0,0,1558,0,0,0,35000
17716.76,6,48.12,934.1,702.61,542.8,885.11,1154200,114,163,0,1,114.23,30.73,3,5,0,1,1,1,0,0,0,0,0,0,0,0,0,0,1,0,0,0,0,0,0,0,0,0,0,0,1,1277,2,0,0,11400
17716.76,6,48.12,934.1,702.61,542.8,885.11,1154200,125,280,0,0,114.26,30.52,3,4,0,0,0,1,1,0,0,0,0,0,0,0,0,0,1,0,0,0,0,0,0,1,0,0,0,0,1,680,2,0,0,25000
36.76,5,0.01,10.4,4.16,0.5,16.2,112800,143,156,0,0,109.53,18.77,3,3,0,1,0,1,0,0,0,0,1,0,0,0,0,0,0,0,0,0,0,0,0,0,0,0,1,0,0,2939,0,0,0,20000
308.73,5,0.63,59.6,8.88,9.3,22.16,186700,45,83,0,0,110.84,19.54,1,2,1,1,1,0,0,0,0,0,0,0,0,0,0,0,0,0,0,0,0,0,0,0,1,0,0,0,0,1608,0,0,0,22000
308.73,5,0.63,59.6,8.88,9.3,22.16,186700,46,84,0,0,110.81,19.56,1,2,0,1,1,0,0,0,0,0,1,0,0,0,0,0,0,0,0,0,0,0,0,0,0,1,0,0,0,2149,0,0,0,11800
308.73,5,0.63,59.6,8.88,9.3,22.16,186700,46,87,0,0,110.81,19.54,1,3,0,1,0,0,0,0,0,1,1,0,0,0,0,0,0,0,0,0,0,0,0,0,0,1,0,0,0,1851,0,0,0,14500
308.73,5,0.63,59.6,8.88,9.3,22.16,186700,56,115,0,0,110.82,19.54,1,3,0,1,0,0,0,0,0,1,1,0,0,0,0,0,0,0,0,0,0,0,0,0,1,0,0,0,0,1905,0,0,0,18000
308.73,5,0.63,59.6,8.88,9.3,22.16,186700,39,71,0,0,111.01,19.79,1,2,0,1,0,0,0,1,0,1,0,0,0,0,0,0,0,0,0,0,0,0,0,0,0,0,0,0,0,1693,0,0,0,12000
308.73,5,0.63,59.6,8.88,9.3,22.16,186700,62,97,0,0,111,19.77,1,3,0,0,0,0,0,1,0,1,0,0,0,0,0,0,0,0,0,0,1,0,0,0,0,0,0,0,0,1284,0,0,0,13000
308.73,5,0.63,59.6,8.88,9.3,22.16,186700,64,85,0,0,110.82,19.55,1,2,1,1,1,0,0,0,0,0,0,0,0,0,0,0,0,0,0,0,0,0,0,0,1,0,0,0,0,1510,0,0,0,16000
276.03,5,0.3,54.6,7.3,2.7,17.72,253900,87,113,0,0,110.31,18.67,2,2,0,0,0,0,0,0,0,0,0,0,0,0,0,1,0,0,1,0,1,0,0,0,0,0,0,0,0,3215,0,0,0,26000
276.03,5,0.3,54.6,7.3,2.7,17.72,253900,201,206,0,0,110.31,18.67,3,3,0,0,0,0,0,0,0,0,0,0,0,0,0,1,0,0,1,0,1,0,0,0,0,0,1,0,0,3310,0,0,0,60000
276.03,5,0.3,54.6,7.3,2.7,17.72,253900,57,106,0,0,110.42,18.77,1,3,0,0,0,0,0,1,0,1,0,0,0,0,1,0,0,0,0,0,1,0,0,0,0,0,0,0,0,2284,0,0,0,19000
276.03,5,0.3,54.6,7.3,2.7,17.72,253900,42,89,0,1,110.25,18.72,1,2,0,1,0,0,0,1,0,1,0,0,0,0,0,0,0,0,0,0,1,0,0,0,0,0,0,0,0,1851,0,0,0,23000
8117.44,2,49.97,346.4,196.58,23,289.64,474900,108,119,0,1,117.19,34.33,3,3,0,0,0,0,0,0,0,0,0,0,0,0,0,1,0,0,0,0,0,0,0,0,0,0,0,0,0,220,2,0,0,12700
8117.44,2,49.97,346.4,196.58,23,289.64,474900,109,140,0,0,117.21,34.21,3,4,0,0,0,0,0,0,0,0,0,0,0,0,1,1,0,0,0,0,0,0,0,0,0,0,0,0,0,105,2,0,0,15960
8117.44,2,49.97,346.4,196.58,23,289.64,474900,115,172,0,0,117.32,34.22,3,4,0,0,0,0,0,0,0,0,0,0,0,0,1,1,0,0,1,0,0,0,0,0,0,0,0,0,0,387,2,0,0,18500
8117.44,2,49.97,346.4,196.58,23,289.64,474900,84,309,0,0,117.38,34.37,2,4,0,1,0,0,0,0,0,0,0,0,0,0,0,1,0,0,0,0,0,0,0,0,0,1,0,0,0,738,2,0,0,8000
8117.44,2,49.97,346.4,196.58,23,289.64,474900,40,60,0,1,117.27,34.25,1,1,0,1,0,1,0,0,0,0,0,0,0,0,0,0,0,0,0,0,0,0,0,0,0,0,2,0,0,851,0,0,0,7000
8117.44,2,49.97,346.4,196.58,23,289.64,474900,99,140,1,1,117.09,34.29,3,4,0,1,0,0,0,0,0,0,1,0,0,0,0,0,0,0,0,0,0,0,0,0,1,0,0,0,0,416,2,0,0,9000
8117.44,2,49.97,346.4,196.58,23,289.64,474900,35,49,0,1,117.18,34.28,1,1,0,0,0,1,0,0,0,0,0,0,0,0,0,0,1,0,0,0,0,0,0,1,0,0,2,0,0,1420,0,0,0,7900
8117.44,2,49.97,346.4,196.58,23,289.64,474900,98,169,0,0,117.14,34.19,3,4,0,1,1,0,0,0,0,0,0,0,0,0,0,0,0,0,0,0,0,0,0,0,0,1,0,0,0,445,2,1,0,12300
7033.89,2,92.52,282.8,246.9,295.2,405.56,54530,66,99,0,0,118.25,24.57,2,4,0,0,0,0,0,0,0,1,0,0,0,0,0,1,0,0,0,0,0,0,0,0,0,0,0,0,0,44975,2,0,0,27000
7033.89,2,92.52,282.8,246.9,295.2,405.56,54530,68,95,0,0,118.05,24.63,2,3,0,0,0,0,0,0,0,1,0,0,0,0,0,1,0,0,0,0,0,0,0,0,0,0,0,0,0,111,2,0,0,25000
7033.89,2,92.52,282.8,246.9,295.2,405.56,54530,64,89,0,0,118.28,24.59,2,3,0,0,0,0,0,0,0,0,0,1,0,0,0,1,0,0,0,0,0,0,0,1,0,0,0,0,0,121,2,0,0,30000
7033.89,2,92.52,282.8,246.9,295.2,405.56,54530,81,154,0,0,117.99,24.49,2,4,0,1,0,0,1,0,0,0,1,1,0,0,0,0,0,0,0,0,0,0,0,0,0,0,0,0,1,950,2,0,0,29000
7033.89,2,92.52,282.8,246.9,295.2,405.56,54530,49,96,0,0,118.15,24.72,1,4,0,0,0,0,1,0,0,0,0,1,0,0,0,0,0,0,0,0,0,0,0,1,0,0,0,0,0,447,2,0,0,24000
7033.89,2,92.52,282.8,246.9,295.2,405.56,54530,60,100,0,0,118.33,24.61,2,4,1,0,0,0,0,0,0,0,0,1,0,0,0,0,0,0,0,0,0,0,0,0,0,0,0,0,0,625,2,0,0,25000
7033.89,2,92.52,282.8,246.9,295.2,405.56,54530,82,118,0,1,118.03,24.59,2,3,0,0,1,1,0,0,0,0,0,0,0,0,0,0,0,0,0,0,0,0,0,0,0,0,0,0,1,2180,2,0,0,25000
7033.89,2,92.52,282.8,246.9,295.2,405.56,54530,51,138,0,1,118.03,24.59,1,3,0,0,0,1,0,0,0,0,0,0,0,0,0,0,0,0,0,0,0,0,0,0,0,0,0,0,0,574,2,0,0,26000
7033.89,2,92.52,282.8,246.9,295.2,405.56,54530,172,224,0,1,118.19,24.48,4,5,0,0,1,1,1,0,0,0,0,0,0,0,0,0,1,0,0,0,0,0,0,0,0,0,0,0,1,1874,0,0,0,64000
3232.53,6,11.92,125.8,79.06,2.5,128.16,103700,120,145,0,1,113.94,35.31,3,4,0,0,0,0,0,0,0,0,0,0,0,0,0,1,0,0,1,0,0,0,0,0,0,0,0,0,0,622,2,0,0,9600
3232.53,6,11.92,125.8,79.06,2.5,128.16,103700,107,137,0,1,114.05,35.3,3,4,0,0,0,0,0,0,0,0,0,0,0,0,0,1,0,0,0,1,0,0,0,0,0,0,0,0,0,931,2,0,0,4500
3232.53,6,11.92,125.8,79.06,2.5,128.16,103700,100,166,0,1,113.9,35.3,3,4,1,0,0,0,1,0,0,0,0,0,0,1,0,0,0,0,0,0,0,0,0,0,0,0,0,0,0,224,2,0,0,7500
3232.53,6,11.92,125.8,79.06,2.5,128.16,103700,101,179,0,1,113.91,35.34,3,4,0,0,0,0,0,0,0,0,0,0,0,0,0,1,0,0,1,0,0,1,0,0,0,0,0,0,0,399,2,0,0,7800
3232.53,6,11.92,125.8,79.06,2.5,128.16,103700,380,415,0,1,113.78,35.03,4,5,1,1,0,0,0,0,0,0,1,0,0,0,0,0,0,0,0,0,0,0,0,0,0,0,1,0,0,1723,0,0,0,11000
3232.53,6,11.92,125.8,79.06,2.5,128.16,103700,96,190,0,1,113.71,35,3,4,1,1,0,0,0,0,0,0,1,0,0,0,0,0,0,0,0,0,0,0,0,0,0,0,0,0,0,1631,0,0,0,6300
3232.53,6,11.92,125.8,79.06,2.5,128.16,103700,120,145,0,0,113.75,35.03,3,4,1,1,1,0,0,0,0,0,0,0,0,0,0,0,0,0,0,0,0,0,0,0,1,0,0,0,0,1421,0,0,0,8500
3232.53,6,11.92,125.8,79.06,2.5,128.16,103700,157,177,0,1,113.75,35.03,3,4,1,0,1,0,0,0,0,0,0,0,0,0,0,0,0,0,0,0,0,0,0,0,0,0,1,0,0,1421,0,0,0,15000
3232.53,6,11.92,125.8,79.06,2.5,128.16,103700,157,177,0,1,113.75,35.03,3,5,0,0,1,0,0,0,0,0,0,0,0,0,0,0,0,0,0,0,0,0,0,1,0,0,1,0,0,1421,0,0,0,15000
3232.53,6,11.92,125.8,79.06,2.5,128.16,103700,527,660,0,1,113.75,35.02,5,9,1,1,1,0,0,0,0,0,0,0,0,0,0,0,0,0,0,0,0,0,0,0,0,0,1,0,0,2636,0,0,0,15000
5309.43,6,50.99,228.1,131.2,0.5,206,902726,41,56,0,1,112.14,32.04,2,2,0,0,0,1,1,0,0,0,1,0,0,0,0,0,0,0,0,0,0,0,0,0,0,0,2,0,0,1984,2,0,0,11500
5309.43,6,50.99,228.1,131.2,0.5,206,902726,108,137,0,0,112.13,32.1,3,4,1,1,0,1,0,0,0,0,1,0,0,0,0,0,0,0,0,0,0,0,0,0,0,0,0,0,0,1219,0,0,0,10400
5309.43,6,50.99,228.1,131.2,0.5,206,902726,39,43,0,1,112.14,32.08,2,2,1,0,0,1,0,0,0,0,0,0,0,0,0,0,0,0,0,0,0,0,0,0,0,0,2,0,0,1390,0,0,0,7500
5309.43,6,50.99,228.1,131.2,0.5,206,902726,93,142,0,1,112.1,32.08,3,4,1,1,0,0,1,0,0,0,1,0,0,0,0,0,0,0,0,0,0,0,0,0,0,0,0,0,0,541,2,0,0,7200
5309.43,6,50.99,228.1,131.2,0.5,206,902726,95,167,0,1,112.25,32.07,3,4,1,0,0,0,0,0,0,0,0,1,0,0,0,1,0,0,0,0,0,0,0,0,0,0,0,0,0,1359,2,0,0,8000
5309.43,6,50.99,228.1,131.2,0.5,206,902726,98,144,0,1,112.16,32.08,3,4,1,0,0,1,1,0,0,0,0,0,0,0,0,0,0,0,0,0,0,0,0,1,0,0,0,0,0,798,2,0,0,9700
5309.43,6,50.99,228.1,131.2,0.5,206,902726,108,108,1,1,112.22,32.17,3,3,0,1,1,0,1,0,0,0,0,0,0,0,0,0,0,0,0,0,0,0,0,1,0,0,2,0,0,622,2,0,0,5500
5309.43,6,50.99,228.1,131.2,0.5,206,902726,105,121,1,1,112.77,32.13,3,3,1,0,0,1,1,0,0,0,0,1,0,0,0,0,0,0,0,0,0,0,0,0,0,0,0,0,0,1245,0,0,0,7000
5309.43,6,50.99,228.1,131.2,0.5,206,902726,93,184,0,1,112.12,32.08,2,5,1,1,0,0,1,0,0,0,1,0,0,0,0,0,0,0,0,0,0,0,0,0,0,0,0,0,0,512,2,0,0,9500
5309.43,6,50.99,228.1,131.2,0.5,206,902726,98,130,1,1,112.21,32.11,3,4,1,0,0,1,0,0,0,0,0,0,0,0,0,0,0,0,0,0,0,0,0,0,0,0,0,0,0,1057,2,0,0,6500
10688.28,3,99.83,957.5,696.72,53.1,805.6,267800,89,143,0,1,108.99,34.31,2,4,0,0,0,0,0,0,0,0,0,0,0,0,1,0,0,0,1,0,0,0,0,0,0,0,0,0,0,140,2,0,0,19500
10688.28,3,99.83,957.5,696.72,53.1,805.6,267800,117,143,0,0,108.81,34.3,3,3,1,0,0,0,1,0,0,0,0,1,0,0,0,0,0,0,0,0,0,0,0,1,0,0,0,0,0,147,2,0,0,19800
10688.28,3,99.83,957.5,696.72,53.1,805.6,267800,170,215,0,0,108.91,34.21,3,4,0,1,1,1,0,0,0,0,0,0,0,0,0,0,1,0,0,0,0,0,0,0,0,0,0,0,0,812,0,0,0,34000
10688.28,3,99.83,957.5,696.72,53.1,805.6,267800,89,163,0,1,109.09,34.31,2,4,0,1,0,1,0,0,0,0,1,0,0,0,0,0,0,1,0,0,0,0,0,0,0,0,0,0,0,566,2,0,0,15000
10688.28,3,99.83,957.5,696.72,53.1,805.6,267800,310,380,0,1,108.9,34.22,4,5,1,0,0,1,1,0,0,0,0,0,0,0,0,0,0,1,0,0,0,0,0,0,0,0,2,0,1,870,0,0,0,45000
10688.28,3,99.83,957.5,696.72,53.1,805.6,267800,35,100,0,1,108.91,34.22,1,2,1,1,0,1,0,0,0,0,0,0,0,0,0,0,0,1,0,0,0,0,0,0,0,0,2,0,1,1347,0,0,0,18500
10688.28,3,99.83,957.5,696.72,53.1,805.6,267800,84,140,0,1,108.96,34.36,2,4,0,0,1,1,1,0,0,0,0,0,0,0,0,0,1,0,0,0,0,0,0,0,0,0,0,0,0,769,0,0,0,15771
2581.32,3,15.6,97.5,96.4,18.6,76.22,74257,98,128,1,0,108.96,34.49,3,4,1,0,0,0,1,0,0,0,0,0,0,0,0,0,0,0,0,0,0,0,0,1,0,0,0,0,0,262,2,1,0,11000
2581.32,3,15.6,97.5,96.4,18.6,76.22,74257,99,143,0,0,108.79,34.33,3,4,1,0,0,0,0,0,0,0,0,0,0,0,1,1,0,0,1,0,0,0,0,0,0,0,0,0,0,778,2,0,0,18000
2581.32,3,15.6,97.5,96.4,18.6,76.22,74257,89,137,0,1,108.71,34.32,2,3,1,0,0,0,0,0,0,0,0,0,0,0,0,0,0,1,1,0,0,0,0,0,0,0,0,0,0,658,0,0,0,13000
2581.32,3,15.6,97.5,96.4,18.6,76.22,74257,129,223,0,1,108.71,34.32,3,5,1,0,0,1,1,0,0,0,0,1,0,0,0,0,0,0,0,0,0,0,0,0,0,0,0,0,1,1428,0,0,0,17000
2581.32,3,15.6,97.5,96.4,18.6,76.22,74257,86,175,0,1,108.74,34.33,2,5,1,0,0,1,0,0,0,0,0,0,0,0,0,0,1,0,0,0,0,0,0,0,0,0,0,0,0,1175,0,0,0,13000
2581.32,3,15.6,97.5,96.4,18.6,76.22,74257,149,248,1,1,108.69,34.32,3,5,1,1,0,1,0,0,0,0,0,0,0,0,0,0,0,0,0,0,0,0,0,0,0,0,0,0,0,1873,0,0,0,16500
2581.32,3,15.6,97.5,96.4,18.6,76.22,74257,155,180,1,1,108.65,34.31,3,4,1,1,1,0,1,0,0,0,0,0,0,0,0,0,0,0,0,0,0,0,0,0,0,0,0,0,0,1675,0,0,0,10500
2581.32,3,15.6,97.5,96.4,18.6,76.22,74257,201,255,1,1,108.65,34.31,4,6,1,1,1,0,1,0,0,0,0,0,0,0,0,0,0,0,0,0,0,0,0,0,0,0,1,0,0,1675,0,0,0,19500
2581.32,3,15.6,97.5,96.4,18.6,76.22,74257,125,240,0,0,108.75,34.32,3,4,1,0,1,1,1,0,0,0,0,0,0,0,0,0,0,0,0,0,0,0,0,0,0,0,0,0,1,575,0,0,0,23000
8711.75,2,89.61,319.7,186.88,66.13,397.7,177765,95,130,0,1,121.39,37.48,3,4,0,0,0,0,1,0,0,0,0,1,0,0,0,0,0,0,0,0,0,0,1,0,0,0,0,0,0,454,2,0,0,10500
8711.75,2,89.61,319.7,186.88,66.13,397.7,177765,95,140,0,0,121.36,37.49,3,4,1,0,1,1,1,0,0,0,0,0,0,0,0,0,0,0,0,0,0,0,0,0,0,0,0,0,1,705,2,0,0,14800
8711.75,2,89.61,319.7,186.88,66.13,397.7,177765,100,140,0,1,121.47,37.45,3,4,0,0,0,0,1,0,0,0,0,0,0,0,0,0,0,0,0,0,0,0,0,1,0,0,0,0,1,697,2,0,0,11000
8711.75,2,89.61,319.7,186.88,66.13,397.7,177765,105,184,0,1,121.42,37.47,3,9,1,0,1,1,1,0,0,0,0,0,0,0,0,0,0,0,0,0,0,0,0,0,0,0,0,0,1,597,2,1,0,14000
8711.75,2,89.61,319.7,186.88,66.13,397.7,177765,236,337,0,1,121.39,37.4,4,5,0,1,0,0,0,0,0,0,1,0,0,0,0,0,0,0,0,0,0,0,0,0,1,0,1,0,1,1175,2,0,0,20000
8711.75,2,89.61,319.7,186.88,66.13,397.7,177765,95,148,0,1,121.41,37.46,3,3,1,1,1,0,0,0,0,0,0,0,0,0,0,0,0,0,0,0,0,0,0,0,0,1,0,0,1,688,2,0,0,10500
8711.75,2,89.61,319.7,186.88,66.13,397.7,177765,170,1200,0,1,121.41,37.48,3,6,1,1,0,0,0,0,0,0,0,0,0,0,0,0,0,0,0,0,0,0,0,1,0,1,1,0,1,1693,0,0,0,28000
8711.75,2,89.61,319.7,186.88,66.13,397.7,177765,271,385,0,1,121.43,37.53,3,4,1,0,0,1,1,0,0,0,1,0,0,0,0,0,0,0,0,0,0,0,0,0,0,0,0,0,1,3580,0,0,0,24000
8711.75,2,89.61,319.7,186.88,66.13,397.7,177765,90,141,0,0,121.53,37.45,3,3,1,1,1,0,1,0,0,0,0,0,0,0,0,0,0,0,0,0,0,0,0,0,0,0,0,0,1,827,2,0,0,9600
5022.69,6,40.3,128.3,89.92,21.4,190.95,2034477,93,141,1,0,111.37,30.76,3,4,1,1,0,0,1,0,0,0,0,0,0,0,0,0,0,0,0,0,0,0,0,1,0,0,0,0,0,1239,0,0,0,8000
5022.69,6,40.3,128.3,89.92,21.4,190.95,2034477,76,140,0,1,111.33,30.73,2,4,0,1,0,1,0,0,0,0,1,0,0,0,0,1,0,0,0,0,0,0,0,0,0,0,0,1,0,1309,0,0,0,10500
5022.69,6,40.3,128.3,89.92,21.4,190.95,2034477,143,156,1,1,111.43,30.4,3,4,0,0,0,0,0,1,0,0,0,0,0,0,0,1,0,0,0,0,0,0,0,0,0,0,1,0,0,795,0,0,0,7800
5022.69,6,40.3,128.3,89.92,21.4,190.95,2034477,105,125,1,1,111.48,30.56,3,4,1,0,0,0,0,0,0,0,0,0,0,0,0,0,0,0,0,0,0,0,1,1,0,0,0,0,0,931,0,0,0,5300
1551.06,1,3.71,154.9,90.78,8.5,101.8,152200,90,257,1,1,115.04,40.63,2,4,0,1,1,1,0,0,0,0,1,0,0,0,0,0,0,0,0,0,0,0,0,0,0,0,0,0,0,196,2,0,0,7500
1551.06,1,3.71,154.9,90.78,8.5,101.8,152200,84,125,1,1,114.84,40.79,2,3,0,0,0,0,0,1,0,0,0,0,0,0,0,1,0,0,0,0,1,0,0,0,0,0,0,0,0,1023,0,0,0,5200
1551.06,1,3.71,154.9,90.78,8.5,101.8,152200,64,138,0,0,115.64,40.29,1,3,0,0,1,0,0,1,0,1,0,0,0,0,0,1,0,0,0,0,0,0,0,0,0,0,0,0,0,44975,2,0,0,8000
1551.06,1,3.71,154.9,90.78,8.5,101.8,152200,53,330,0,1,115.44,40.96,1,4,0,0,0,0,0,1,0,1,0,0,0,0,1,0,0,0,0,0,0,0,0,0,0,0,0,0,0,2270,0,0,0,25000
1551.06,1,3.71,154.9,90.78,8.5,101.8,152200,246,576,0,1,115.64,40.29,4,6,0,0,1,0,0,1,0,0,0,0,0,0,0,1,0,0,0,0,1,0,0,0,0,0,1,0,0,44975,2,0,0,18000
1551.06,1,3.71,154.9,90.78,8.5,101.8,152200,81,129,1,0,115.28,40.51,2,4,0,1,0,0,0,0,0,0,1,0,0,0,0,0,0,0,0,0,0,0,0,0,1,0,0,0,0,1631,0,0,0,8200
1551.06,1,3.71,154.9,90.78,8.5,101.8,152200,200,249,1,0,115.43,40.26,4,4,0,0,0,0,0,1,0,0,0,0,0,0,0,0,0,0,0,0,0,0,0,0,0,0,1,0,0,1939,0,0,0,14000
1551.06,1,3.71,154.9,90.78,8.5,101.8,152200,79,180,1,1,114.9,40.81,2,4,0,1,0,0,0,0,0,0,0,0,0,0,0,1,0,0,0,0,0,0,0,0,1,0,0,0,0,1274,2,0,0,9000
4763.42,2,53.2,103.1,79.3,19.9,147.29,178300,88,117,0,1,119.02,32.12,3,4,1,1,1,0,0,0,0,0,0,0,0,0,0,0,0,0,0,0,0,0,0,0,1,0,0,0,0,1593,0,0,0,12000
4763.42,2,53.2,103.1,79.3,19.9,147.29,178300,94,274,0,0,119.12,32.02,3,5,1,1,0,0,1,0,0,0,1,0,0,0,0,0,0,0,0,0,0,0,0,0,0,0,0,0,0,609,2,1,0,9000
4763.42,2,53.2,103.1,79.3,19.9,147.29,178300,50,576,0,0,119.33,31.74,1,6,1,0,0,0,0,0,0,1,0,0,0,0,1,0,0,0,0,0,0,0,0,0,0,0,1,0,0,3031,2,0,0,15000
4763.42,2,53.2,103.1,79.3,19.9,147.29,178300,75,125,1,1,119.02,31.82,2,4,1,1,1,0,0,0,0,0,0,0,0,0,0,0,0,0,0,0,0,0,0,0,0,0,0,0,0,1620,0,0,0,8000
4763.42,2,53.2,103.1,79.3,19.9,147.29,178300,180,180,1,1,119.03,31.81,4,4,1,1,0,0,0,0,0,0,0,0,0,0,0,0,0,0,0,0,0,0,0,0,1,0,0,0,0,2944,0,0,0,8500
4763.42,2,53.2,103.1,79.3,19.9,147.29,178300,92,124,0,1,119.05,32.13,2,3,1,1,1,0,0,0,0,0,0,0,0,0,0,0,0,0,0,0,0,0,0,0,1,0,0,0,0,1784,2,0,0,10000
4763.42,2,53.2,103.1,79.3,19.9,147.29,178300,81,155,0,0,119.2,32,2,4,1,0,0,0,1,0,0,0,0,0,0,0,1,0,0,0,0,0,0,0,0,0,0,0,0,0,0,779,0,0,0,10500
4763.42,2,53.2,103.1,79.3,19.9,147.29,178300,103,180,0,1,119.21,31.96,2,4,1,1,0,0,0,0,0,0,0,0,0,0,0,0,0,0,0,0,0,0,0,0,0,0,0,0,0,719,0,0,0,7500
5025.4,2,21.66,213.1,90.8,23.8,121.29,930900,105,130,1,1,117.56,25.06,3,3,0,0,0,0,0,1,0,0,0,0,0,0,1,0,0,0,0,0,0,1,0,0,0,0,0,0,0,1754,0,0,0,5300
5025.4,2,21.66,213.1,90.8,23.8,121.29,930900,39,55,0,0,117.83,24.59,1,1,0,0,1,0,0,0,0,0,1,0,0,0,0,0,0,0,0,0,0,0,0,0,0,1,0,0,0,1694,0,0,0,9500
5025.4,2,21.66,213.1,90.8,23.8,121.29,930900,114,114,0,1,117.83,24.59,3,3,0,0,1,0,0,0,0,0,1,0,0,0,0,0,0,0,0,0,0,0,0,0,0,1,1,0,0,1693,0,0,0,16500
5025.4,2,21.66,213.1,90.8,23.8,121.29,930900,62,112,0,1,118.07,24.39,2,3,0,1,0,0,0,0,0,0,1,0,0,0,0,1,0,0,0,0,0,0,0,0,1,0,0,0,0,2161,0,0,0,13000
5025.4,2,21.66,213.1,90.8,23.8,121.29,930900,91,117,0,1,118.03,24.35,3,4,0,1,0,0,0,0,0,0,1,0,0,0,0,0,0,0,0,0,0,0,0,0,0,0,0,0,0,2176,0,0,0,8999
5025.4,2,21.66,213.1,90.8,23.8,121.29,930900,65,65,0,1,117.63,24.57,1,1,0,0,1,0,0,0,0,1,1,0,0,0,0,0,0,0,0,0,0,0,0,0,0,0,2,1,0,44975,0,0,0,16000
12691.02,6,53.33,671,428.12,291.1,670,54372,97,146,0,0,113.63,34.84,3,4,0,0,0,0,0,0,0,0,0,0,1,0,1,1,0,0,0,0,0,0,0,0,0,0,0,0,0,336,2,1,6,18300
12691.02,6,53.33,671,428.12,291.1,670,54372,131,143,0,0,113.77,34.85,3,4,1,0,0,0,0,0,0,0,0,0,0,0,0,0,0,0,0,0,0,0,0,1,0,0,0,0,0,539,2,0,4,18000
12691.02,6,53.33,671,428.12,291.1,670,54372,58,113,0,1,113.7,34.73,1,3,0,0,1,0,0,0,0,0,0,0,0,0,0,0,1,0,0,0,0,0,0,0,0,0,0,0,1,658,2,0,3,9800
12691.02,6,53.33,671,428.12,291.1,670,54372,78,135,0,1,113.46,34.76,2,4,1,0,0,0,1,0,0,0,0,0,0,0,0,0,0,0,0,0,0,0,0,1,0,0,0,0,0,550,2,1,2,6900
12691.02,6,53.33,671,428.12,291.1,670,54372,91,233,0,1,113.66,34.82,2,7,1,0,0,1,1,0,0,0,0,0,0,0,0,0,1,0,0,0,0,0,0,0,0,0,0,0,1,528,2,1,6,18500
12691.02,6,53.33,671,428.12,291.1,670,54372,75,118,0,0,113.64,34.66,2,3,1,0,0,0,1,0,0,0,0,1,0,0,0,0,0,0,0,0,0,0,0,1,0,0,0,0,0,610,2,0,3,10500
12691.02,6,53.33,671,428.12,291.1,670,54372,86,106,0,0,113.88,34.69,2,3,0,0,0,0,0,1,0,0,0,0,0,0,1,0,0,0,0,0,0,0,0,0,0,0,0,0,0,295,2,0,2,7800
12691.02,6,53.33,671,428.12,291.1,670,54372,96,133,0,1,113.72,34.63,3,4,0,0,0,0,0,0,0,0,0,0,0,0,1,1,0,0,1,0,0,1,0,0,0,0,0,0,0,433,2,1,1,7300
12691.02,6,53.33,671,428.12,291.1,670,54372,79,127,0,1,113.67,34.71,2,3,1,0,0,1,1,0,0,0,1,0,0,0,0,0,0,0,0,0,0,0,0,0,0,0,0,0,1,870,0,0,0,13800
12691.02,6,53.33,671,428.12,291.1,670,54372,85,151,0,0,113.82,34.68,2,3,1,1,0,0,0,0,0,0,1,0,0,0,0,0,0,0,0,0,0,0,0,0,0,1,0,0,1,1023,0,0,0,16000
3882,5,103.02,148.6,123.35,211.1,152.85,166600,82,110,0,0,113.35,22.18,3,4,0,1,0,0,0,0,0,0,1,0,0,0,1,0,0,0,0,0,0,0,0,0,1,0,0,0,1,1267,2,0,0,17800
3882,5,103.02,148.6,123.35,211.1,152.85,166600,68,91,0,0,113.35,22.06,2,3,0,0,1,0,0,0,0,0,0,0,0,0,0,0,0,0,0,0,0,0,0,0,0,0,0,0,0,547,0,0,0,18000
3882,5,103.02,148.6,123.35,211.1,152.85,166600,90,137,0,0,113.35,22.14,3,5,0,0,1,1,1,0,0,0,0,0,0,0,0,0,0,0,0,0,0,0,0,1,0,0,0,0,1,837,2,0,0,20000
3882,5,103.02,148.6,123.35,211.1,152.85,166600,104,179,0,0,113.62,22.36,3,4,0,1,0,0,0,0,0,0,1,0,0,0,1,0,0,0,0,0,0,0,0,0,1,0,0,0,1,1227,2,0,0,37000
3882,5,103.02,148.6,123.35,211.1,152.85,166600,194,346,0,0,113.59,22.24,3,5,0,1,1,1,0,0,0,0,1,0,0,0,0,0,0,0,0,0,0,0,0,0,0,0,0,0,0,2240,2,0,0,66000
3882,5,103.02,148.6,123.35,211.1,152.85,166600,505,865,0,1,113.61,22.36,6,8,0,1,1,1,0,0,0,0,1,0,0,0,0,0,0,0,0,0,0,0,0,0,0,0,1,0,0,1723,2,0,0,36000
3882,5,103.02,148.6,123.35,211.1,152.85,166600,59,300,0,1,113.63,22.37,1,4,0,1,1,0,0,0,0,0,1,0,0,0,0,0,0,0,0,0,0,0,0,0,0,1,0,0,0,1162,2,0,0,35000
3882,5,103.02,148.6,123.35,211.1,152.85,166600,128,235,0,0,113.5,22.22,3,4,0,1,1,1,0,0,0,0,0,0,0,0,0,0,0,0,0,0,0,0,0,0,0,0,0,0,0,1815,0,0,0,30000
3566.17,5,38.54,198.7,79.85,279.9,192.01,155800,100,110,0,1,113.47,22.56,3,3,1,0,1,1,1,0,0,0,0,0,0,0,0,0,0,0,0,0,0,0,0,0,0,0,0,0,1,779,2,0,0,14000
3566.17,5,38.54,198.7,79.85,279.9,192.01,155800,85,137,0,1,113.37,22.55,3,4,1,1,1,1,0,0,0,0,0,0,0,0,0,0,0,0,0,0,0,0,0,0,0,0,0,0,0,1503,2,0,0,15000
3566.17,5,38.54,198.7,79.85,279.9,192.01,155800,76,141,0,0,113.36,22.55,2,4,1,0,0,1,1,0,0,0,0,0,0,0,0,0,0,0,0,0,0,0,0,0,0,0,0,0,1,510,2,0,0,17500
3566.17,5,38.54,198.7,79.85,279.9,192.01,155800,89,154,1,1,113.33,22.39,3,4,1,1,0,1,0,0,0,0,1,0,0,0,0,0,0,0,0,0,0,0,0,0,0,0,0,1,1,1617,0,0,0,9500
3566.17,5,38.54,198.7,79.85,279.9,192.01,155800,82,143,1,0,113.55,22.43,2,4,0,0,1,0,1,0,0,0,0,0,0,0,0,0,0,0,0,0,0,0,0,0,0,0,0,0,1,525,2,0,0,12500
3566.17,5,38.54,198.7,79.85,279.9,192.01,155800,91,128,1,0,113.46,22.28,3,4,1,0,0,1,0,0,0,0,0,0,0,0,0,0,0,0,0,0,0,0,0,0,0,0,0,0,1,809,2,0,0,11500
3566.17,5,38.54,198.7,79.85,279.9,192.01,155800,76,200,1,0,113.49,22.25,2,6,1,0,0,1,1,0,0,0,0,0,0,0,0,0,0,0,0,0,0,0,0,0,0,0,0,0,1,1144,2,0,0,15800
3566.17,5,38.54,198.7,79.85,279.9,192.01,155800,89,118,1,0,113.5,22.26,3,4,1,0,0,1,1,0,0,0,0,0,0,0,0,0,0,0,0,0,0,0,0,1,0,0,0,0,1,2180,2,0,0,18600
3566.17,5,38.54,198.7,79.85,279.9,192.01,155800,93,174,1,1,113.46,22.37,2,3,1,0,0,1,1,0,0,0,0,0,0,0,0,0,0,0,0,0,0,0,0,0,0,0,0,0,0,2559,0,0,0,12000
