min_frame_area,max_frame_area,open_date,has_short_video,longitude,urban_district_population,gdp,urban_district_temporary_population,lowest_total_price,urban_population,max_frame_rooms,greenland,c_area,near_main_road,region,reference_highest_total_price,decoration,latitude,biz,shopping,metro,green_space_and_square,reference_lowest_total_price,reference_unit_price
85,128,583,0,116.04,289.7,3725.0,43.5,900000,145.6,4,0,206.53,1,1,150.0,1,39.53,1,0,0,38.83,65.0,9000
81,119,465,0,116.06,289.7,3725.0,43.5,680000,145.6,3,0,206.53,0,1,110.0,0,39.47,1,0,0,38.83,73.0,8500
80,121,870,0,116.0,289.7,3725.0,43.5,640000,145.6,3,0,206.53,0,1,98.0,1,39.48,1,0,0,38.83,62.0,7900
87,145,899,0,116.04,289.7,3725.0,43.5,720000,145.6,4,0,206.53,0,1,142.0,1,39.48,1,1,0,38.83,68.0,8500
101,125,1344,0,116.02,289.7,3725.0,43.5,1160000,145.6,3,0,206.53,0,1,164.0,1,39.58,1,1,0,38.83,116.0,12000
95,141,1144,0,107.38,51.7,982.7,8.2,800000,32.72,3,0,51.0,1,3,89.0,1,40.75,0,0,0,1.24,64.0,6200
98,139,658,0,107.38,51.7,982.7,8.2,800000,32.72,3,0,51.0,1,3,86.0,1,40.75,0,0,0,1.24,60.7,6200
110,142,1144,0,107.39,51.7,982.7,8.2,420000,32.72,3,0,51.0,1,3,63.9,1,40.79,1,0,0,1.24,49.5,4500
82,140,1693,0,107.36,51.7,982.7,8.2,420000,32.72,4,0,51.0,1,3,61.0,1,40.8,0,0,0,1.24,35.0,4300
63,124,1144,0,107.39,51.7,982.7,8.2,520000,32.72,3,0,51.0,0,3,64.0,1,40.77,1,0,0,1.24,32.7,5200
56,117,1236,1,109.18,71.8,1504.43,30.5,300000,40.29,4,0,85.98,0,5,73.5,0,21.54,1,0,0,7.95,38.0,4999
81,128,1509,1,109.18,71.8,1504.43,30.5,430000,40.29,4,0,85.98,1,5,64.0,0,21.49,1,0,0,7.95,43.0,4796
81,128,615,1,109.1,71.8,1504.43,30.5,450000,40.29,5,0,85.98,0,5,73.0,0,21.46,1,0,0,7.95,45.0,5600
80,312,1516,1,109.13,71.8,1504.43,30.5,580000,40.29,5,0,85.98,1,5,180.0,1,21.46,1,0,0,7.95,41.6,5200
89,133,779,1,109.1,71.8,1504.43,30.5,470000,40.29,3,0,85.98,0,5,87.0,1,21.47,1,1,0,7.95,54.0,5300
40,76,1533,1,109.1,71.8,1504.43,30.5,350000,40.29,3,0,85.98,1,5,82.0,0,21.45,1,0,0,7.95,33.0,8200
50,100,1423,1,109.17,71.8,1504.43,30.5,750000,40.29,3,0,85.98,1,5,130.0,0,21.43,1,1,0,7.95,57.0,10000
79,121,1449,0,109.15,71.8,1504.43,30.5,890000,40.29,3,0,85.98,0,5,157.0,0,21.5,1,1,0,7.95,90.0,11000
55,139,1480,1,109.1,71.8,1504.43,30.5,450000,40.29,3,0,85.98,1,5,100.0,1,21.45,1,0,0,7.95,31.0,5300
220,260,1672,1,117.21,2188.6,40269.55,841.8,3650000,1916.1,3,0,149.05,0,1,380.0,1,40.12,0,0,0,116.24,300.0,16000
185,199,1663,1,116.16,2188.6,40269.55,841.8,11000000,1916.1,4,0,149.05,0,1,1300.0,1,39.73,0,0,1,116.24,1100.0,58000
107,360,2492,0,116.51,2188.6,40269.55,841.8,2980000,1916.1,5,0,149.05,0,1,1690.0,0,40.22,0,0,0,116.24,410.0,27000
100,166,1266,1,116.66,2188.6,40269.55,841.8,4900000,1916.1,4,0,149.05,0,1,960.0,0,39.96,0,0,0,116.24,500.0,49000
166,228,1834,1,116.2,2188.6,40269.55,841.8,8400000,1916.1,4,0,149.05,0,1,1300.0,0,39.73,0,1,0,116.24,830.0,50000
45,95,1754,0,116.36,2188.6,40269.55,841.8,2200000,1916.1,3,0,149.05,0,1,258.0,0,39.78,0,0,0,116.24,122.0,27000
300,536,2394,1,116.39,2188.6,40269.55,841.8,20000000,1916.1,5,0,149.05,1,1,8800.0,1,40.19,0,0,0,116.24,1966.0,40000
115,293,1428,1,116.17,2188.6,40269.55,841.8,4800000,1916.1,5,0,149.05,0,1,1000.0,1,39.77,0,0,0,116.24,420.0,38000
208,320,1869,1,116.06,2188.6,40269.55,841.8,14000000,1916.1,4,0,149.05,0,1,1870.0,1,39.88,0,0,0,116.24,1250.0,45000
290,330,2058,1,116.17,2188.6,40269.55,841.8,12500000,1916.1,5,0,149.05,0,1,1400.0,1,39.74,0,0,1,116.24,1150.0,40000
82,119,1370,1,125.25,447.4,7103.1,125.8,700000,364.67,3,0,562.42,1,0,129.0,1,44.01,0,1,0,133.47,69.0,8500
78,139,1467,0,125.18,447.4,7103.1,125.8,440000,364.67,3,0,562.42,0,0,61.0,1,44.08,0,1,0,133.47,33.81,5100
83,83,1002,1,125.27,447.4,7103.1,125.8,610000,364.67,2,0,562.42,1,0,123.0,1,44.02,0,0,0,133.47,63.0,7300
118,156,1611,0,125.43,447.4,7103.1,125.8,1200000,364.67,3,0,562.42,0,0,156.0,1,43.78,1,1,0,133.47,120.0,12500
70,154,992,1,125.39,447.4,7103.1,125.8,740000,364.67,4,0,562.42,1,0,140.0,1,43.93,0,0,0,133.47,63.0,8000
88,128,960,1,125.36,447.4,7103.1,125.8,1300000,364.67,3,0,562.42,0,0,130.0,0,43.91,0,0,1,133.47,110.0,12000
345,370,1554,0,125.41,447.4,7103.1,125.8,5500000,364.67,5,0,562.42,1,0,560.0,1,43.77,1,1,0,133.47,500.0,16000
108,147,1451,1,125.4,447.4,7103.1,125.8,1250000,364.67,3,0,562.42,1,0,183.0,0,43.98,0,1,0,133.47,123.0,10500
115,149,863,1,125.39,447.4,7103.1,125.8,1300000,364.67,4,0,562.42,1,0,190.0,0,43.83,1,1,0,133.47,130.0,12000
94,124,1728,0,118.5,78.0,3362.1,20.6,650000,64.62,4,0,110.59,1,2,95.0,1,32.18,1,1,0,30.87,65.0,7800
112,145,1684,0,118.46,78.0,3362.1,20.6,700000,64.62,4,0,110.59,1,2,100.0,1,32.19,1,1,0,30.87,80.0,5800
98,196,1014,0,118.42,78.0,3362.1,20.6,540000,64.62,5,0,110.59,1,2,133.0,1,32.19,1,1,0,30.87,66.0,6000
89,106,1914,0,118.58,78.0,3362.1,20.6,750000,64.62,3,0,110.59,1,2,94.0,1,32.25,1,1,0,30.87,89.0,9700
117,133,1768,0,118.59,78.0,3362.1,20.6,850000,64.62,4,0,110.59,1,2,133.05,1,32.25,1,1,0,30.87,99.45,6900
78,106,1754,0,118.6,78.0,3362.1,20.6,1050000,64.62,3,0,110.59,1,2,116.0,0,32.24,1,1,0,30.87,85.0,11000
41,120,2029,0,113.08,509.7,13270.7,143.7,550000,509.69,1,0,437.9,0,6,115.0,1,28.19,0,0,0,23.18,55.0,17000
36,51,1715,1,113.01,509.7,13270.7,143.7,250000,509.69,1,0,437.9,0,6,36.0,1,28.15,0,0,1,23.18,26.0,7000
88,127,1699,1,112.89,509.7,13270.7,143.7,787000,509.69,4,0,437.9,0,6,91.8,1,28.31,0,1,0,23.18,78.7,6200
78,139,4116,0,113.03,509.7,13270.7,143.7,690000,509.69,4,0,437.9,0,6,144.0,1,28.24,0,1,0,23.18,112.0,9800
87,114,952,1,113.0,509.7,13270.7,143.7,1100000,509.69,3,0,437.9,0,6,171.42,1,28.23,0,0,1,23.18,111.42,12000
79,149,658,1,106.45,2649.8,27894.02,429.5,1000000,1322.63,5,0,1645.38,0,4,142.0,1,29.43,0,0,0,321.39,95.0,13000
251,286,870,1,106.83,2649.8,27894.02,429.5,2500000,1322.63,5,0,1645.38,0,4,350.0,1,29.71,0,0,0,321.39,240.0,10000
230,230,841,1,106.54,2649.8,27894.02,429.5,4700000,1322.63,5,0,1645.38,0,4,560.0,1,29.67,0,0,1,321.39,500.0,27000
95,140,204,0,106.81,2649.8,27894.02,429.5,900000,1322.63,4,0,1645.38,1,4,96.0,1,29.71,0,0,0,321.39,90.0,10000
81,223,354,1,106.83,2649.8,27894.02,429.5,1500000,1322.63,4,0,1645.38,0,4,178.0,1,29.71,0,1,0,321.39,69.0,12000
227,897,747,1,106.47,2649.8,27894.02,429.5,3000000,1322.63,9,0,1645.38,0,4,800.0,1,29.71,0,1,0,321.39,300.0,13000
86,138,763,1,106.79,2649.8,27894.02,429.5,1650000,1322.63,4,0,1645.38,0,4,162.0,1,29.69,0,1,0,321.39,106.0,14000
121,137,832,0,106.79,2649.8,27894.02,429.5,1600000,1322.63,4,0,1645.38,0,4,162.0,1,29.69,0,1,0,321.39,160.0,15000
275,876,2698,0,106.6,2649.8,27894.02,429.5,45000000,1322.63,5,0,1645.38,0,4,4560.0,1,29.55,0,1,1,321.39,4500.0,56000
90,162,235,0,104.05,1127.0,19916.98,289.8,3600000,931.29,4,1,1055.79,0,4,475.0,0,30.48,0,0,0,159.0,330.0,27000
114,132,44975,0,103.99,1127.0,19916.98,289.8,2700000,931.29,4,0,1055.79,0,4,315.0,0,30.73,0,0,0,159.0,270.0,24500
41,51,558,1,104.09,1127.0,19916.98,289.8,240000,931.29,2,0,1055.79,0,4,32.0,1,30.81,0,0,0,159.0,24.0,6100
89,126,44975,0,104.13,1127.0,19916.98,289.8,2200000,931.29,4,1,1055.79,0,4,310.0,0,30.71,0,0,0,159.0,200.0,22800
89,161,178,0,104.09,1127.0,19916.98,289.8,2500000,931.29,4,0,1055.79,0,4,350.0,1,30.39,0,0,0,159.0,250.0,21000
90,138,610,0,121.53,414.2,7825.95,25.0,2100000,353.77,3,0,444.04,1,0,311.0,0,39.01,0,0,0,129.88,205.0,18500
83,122,512,1,121.53,414.2,7825.95,25.0,3000000,353.77,3,0,444.04,1,0,372.0,0,38.87,1,0,0,129.88,260.0,30000
83,125,535,0,121.71,414.2,7825.95,25.0,1300000,353.77,4,0,444.04,1,0,170.0,0,39.11,0,0,0,129.88,99.6,12000
80,129,560,0,121.47,414.2,7825.95,25.0,1450000,353.77,4,0,444.04,1,0,280.0,0,38.99,0,0,0,129.88,136.0,16500
63,85,1645,1,121.82,414.2,7825.95,25.0,900000,353.77,2,0,444.04,0,0,91.8,1,39.02,0,1,0,129.88,66.0,10500
54,96,1053,1,121.87,414.2,7825.95,25.0,1000000,353.77,2,0,444.04,0,0,120.0,0,39.06,0,1,1,129.88,68.0,12500
47,96,627,1,121.19,414.2,7825.95,25.0,300000,353.77,2,0,444.04,0,0,61.0,1,38.83,0,0,0,129.88,28.0,6000
81,133,1329,0,121.23,414.2,7825.95,25.0,410000,353.77,4,0,444.04,0,0,47.0,1,38.8,0,1,0,129.88,41.0,4700
96,162,1236,1,121.49,414.2,7825.95,25.0,2990000,353.77,3,0,444.04,0,0,550.0,1,38.92,0,0,0,129.88,330.0,33000
83,130,566,1,113.72,278.6,10855.35,651.1,2200000,278.61,4,1,1194.31,0,5,260.0,0,22.94,1,0,0,422.53,215.0,23000
97,142,179,0,114.0,278.6,10855.35,651.1,2310000,278.61,4,1,1194.31,0,5,345.0,1,22.95,1,0,0,422.53,213.0,22000
75,117,2457,1,113.9,278.6,10855.35,651.1,1390000,278.61,3,0,1194.31,0,5,199.0,0,22.96,0,1,1,422.53,139.0,18800
80,247,792,1,113.88,278.6,10855.35,651.1,1700000,278.61,5,0,1194.31,0,5,412.0,1,23.12,1,0,0,422.53,260.0,16800
101,140,556,1,113.62,278.6,10855.35,651.1,3100000,278.61,4,0,1194.31,0,5,385.0,0,22.83,1,1,0,422.53,238.0,27500
86,124,492,1,114.08,278.6,10855.35,651.1,1460000,278.61,3,0,1194.31,0,5,205.0,1,22.98,1,1,0,422.53,170.0,17000
65,120,802,1,113.9,278.6,10855.35,651.1,1500000,278.61,3,0,1194.31,1,5,312.0,1,23.12,1,0,0,422.53,132.0,20000
62,122,1860,0,109.22,97.6,395.33,19.4,1000000,19.38,3,0,36.32,1,5,141.0,0,19.68,0,1,0,2.35,100.0,16000
98,140,1977,0,109.6,97.6,395.33,19.4,1010000,19.38,4,0,36.32,1,5,143.0,1,19.55,0,0,0,2.35,101.0,9000
70,79,1259,0,109.56,97.6,395.33,19.4,660000,19.38,2,0,36.32,1,5,75.0,1,19.52,0,0,0,2.35,66.0,9300
45,105,2135,0,109.23,97.6,395.33,19.4,720000,19.38,2,0,36.32,1,5,168.0,0,19.7,0,1,0,2.35,72.0,15800
102,142,1568,0,109.6,97.6,395.33,19.4,1270000,19.38,4,0,36.32,1,5,187.0,0,19.54,0,0,0,2.35,127.0,9650
110,110,1894,0,109.6,97.6,395.33,19.4,970000,19.38,3,0,36.32,1,5,181.0,1,19.53,0,0,0,2.35,121.0,11000
89,171,1939,0,109.61,97.6,395.33,19.4,1550000,19.38,4,0,36.32,1,5,215.0,1,19.54,0,0,0,2.35,155.0,9000
98,128,1205,0,109.59,97.6,395.33,19.4,980000,19.38,4,0,36.32,1,5,135.0,1,19.55,0,0,0,2.35,103.0,10000
90,143,798,0,104.28,95.6,2656.56,22.2,600000,54.65,4,0,98.53,0,4,81.9,1,31.01,1,1,0,25.41,63.0,7000
89,138,870,0,104.26,95.6,2656.56,22.2,670000,54.65,4,0,98.53,0,4,140.0,1,31.0,1,1,0,25.41,80.0,6500
100,145,1389,0,104.29,95.6,2656.56,22.2,680000,54.65,3,0,98.53,0,4,92.0,1,30.95,1,1,0,25.41,63.44,6300
78,123,597,0,104.3,95.6,2656.56,22.2,440000,54.65,3,0,98.53,1,4,56.0,1,31.0,1,0,0,25.41,44.0,4500
110,198,1023,0,104.4,95.6,2656.56,22.2,1800000,54.65,4,0,98.53,1,4,217.0,1,31.11,0,0,0,25.41,165.0,10500
93,124,788,1,104.29,95.6,2656.56,22.2,600000,54.65,4,0,98.53,0,4,87.0,1,31.01,1,1,0,25.41,54.0,5600
75,106,663,0,107.51,173.3,2351.7,34.0,490000,110.24,4,0,144.34,1,4,70.0,1,31.17,0,0,0,6.58,50.0,6200
84,93,273,0,107.45,173.3,2351.7,34.0,420000,110.24,4,0,144.34,0,4,56.0,1,31.21,0,0,0,6.58,51.0,4988
103,195,1515,0,107.49,173.3,2351.7,34.0,1100000,110.24,4,0,144.34,1,4,205.0,1,31.22,0,0,0,6.58,145.0,8500
69,87,1481,0,107.51,173.3,2351.7,34.0,500000,110.24,3,0,144.34,1,4,100.0,1,31.18,0,0,0,6.58,40.0,4800
157,157,1714,0,107.47,173.3,2351.7,34.0,2000000,110.24,4,0,144.34,0,4,260.0,1,31.23,0,1,0,6.58,200.0,13000
91,112,1469,0,107.43,173.3,2351.7,34.0,400000,110.24,3,0,144.34,1,4,49.0,1,31.2,0,0,0,6.58,38.0,4500
84,118,1274,0,107.52,173.3,2351.7,34.0,600000,110.24,4,0,144.34,0,4,71.0,1,31.18,0,0,0,6.58,56.0,7300
19,19,1383,0,107.46,173.3,2351.7,34.0,700000,110.24,1,0,144.34,0,4,130.0,1,31.22,0,1,0,6.58,70.0,20000
106,147,317,0,100.29,65.3,1632.99,11.9,900000,34.73,4,0,54.85,0,4,120.0,1,25.63,0,0,0,4.98,80.0,7500
51,156,753,0,100.3,65.3,1632.99,11.9,1600000,34.73,4,0,54.85,0,4,270.0,0,25.65,0,1,0,4.98,60.0,15000
77,146,1344,0,100.22,65.3,1632.99,11.9,2000000,34.73,4,0,54.85,1,4,260.0,1,25.61,0,1,0,4.98,200.0,14000
232,256,1988,0,100.29,65.3,1632.99,11.9,2365000,34.73,6,0,54.85,1,4,550.0,1,25.65,0,1,0,4.98,474.0,13000
90,249,2289,0,100.29,65.3,1632.99,11.9,950000,34.73,5,0,54.85,1,4,212.0,1,25.64,0,1,0,4.98,84.0,10000
61,475,3792,0,100.17,65.3,1632.99,11.9,5770000,34.73,8,0,54.85,1,4,910.0,1,25.68,0,1,0,4.98,577.0,20000
81,205,2088,0,100.29,65.3,1632.99,11.9,1300000,34.73,5,0,54.85,0,4,210.0,1,25.64,0,1,0,4.98,115.0,9000
107,145,1952,0,100.28,65.3,1632.99,11.9,1010000,34.73,3,0,54.85,1,4,203.7,0,25.64,0,1,0,4.98,155.0,14000
106,106,2805,0,100.18,65.3,1632.99,11.9,2000000,34.73,3,0,54.85,1,4,260.0,1,25.66,0,1,0,4.98,200.0,18800
56,238,1875,0,100.13,65.3,1632.99,11.9,2000000,34.73,5,0,54.85,0,4,820.0,0,25.72,0,0,0,4.98,210.0,35000
109,131,1209,0,114.9,111.5,1200.0,3.4,720000,30.12,4,0,37.57,1,6,86.0,1,30.36,0,0,0,3.9,72.0,6600
123,123,1625,0,114.92,111.5,1200.0,3.4,888720,30.12,3,0,37.57,0,6,145.73,1,30.38,0,1,0,3.9,85.73,6900
77,129,1374,0,114.66,111.5,1200.0,3.4,350000,30.12,3,0,37.57,0,6,67.0,1,30.41,0,0,0,3.9,47.0,5000
92,113,941,0,114.66,111.5,1200.0,3.4,1000000,30.12,3,0,37.57,1,6,153.0,1,30.49,0,1,0,3.9,93.0,9900
94,128,1633,0,114.69,111.5,1200.0,3.4,580000,30.12,4,0,37.57,1,6,92.0,0,30.54,0,0,0,3.9,74.0,5800
112,142,1133,0,114.91,111.5,1200.0,3.4,800000,30.12,4,0,37.57,0,6,95.0,1,30.36,0,1,0,3.9,75.0,6500
103,140,1191,0,114.67,111.5,1200.0,3.4,1100000,30.12,4,0,37.57,0,6,121.0,1,30.47,0,1,0,3.9,94.0,7000
82,114,1236,0,114.66,111.5,1200.0,3.4,760000,30.12,3,0,37.57,0,6,105.0,1,30.49,0,1,0,3.9,80.36,8300
94,125,1020,0,114.66,111.5,1200.0,3.4,900000,30.12,4,0,37.57,1,6,120.0,1,30.49,0,1,0,3.9,90.0,9500
86,117,616,1,113.2,516.3,12156.54,305.3,2500000,141.54,4,0,163.82,1,5,400.0,0,23.19,0,0,0,44.05,250.0,26000
85,128,540,1,113.11,516.3,12156.54,305.3,1850000,141.54,4,0,163.82,0,5,332.0,0,22.99,0,0,1,44.05,178.0,21500
25,125,568,0,113.25,516.3,12156.54,305.3,2000000,141.54,3,1,163.82,0,5,350.0,0,22.98,0,0,0,44.05,175.0,25500
76,132,400,0,113.09,516.3,12156.54,305.3,1000000,141.54,5,0,163.82,0,5,171.0,0,22.87,0,0,0,44.05,95.0,12800
83,116,175,0,113.22,516.3,12156.54,305.3,1550000,141.54,5,0,163.82,0,5,192.0,0,22.9,0,0,0,44.05,125.0,15800
82,130,658,1,112.88,516.3,12156.54,305.3,890000,141.54,4,0,163.82,0,5,115.0,0,23.13,0,1,0,44.05,80.0,8300
64,145,992,1,113.01,516.3,12156.54,305.3,1200000,141.54,4,0,163.82,1,5,247.0,0,23.09,0,1,0,44.05,100.0,16000
40,225,1526,1,113.25,516.3,12156.54,305.3,2850000,141.54,4,0,163.82,0,5,650.0,1,22.97,0,1,0,44.05,155.0,22000
40,171,1479,1,113.14,516.3,12156.54,305.3,2000000,141.54,4,0,163.82,0,5,292.0,1,22.97,0,0,1,44.05,82.0,21000
101,171,717,1,112.9,516.3,12156.54,305.3,550000,141.54,4,0,163.82,0,5,95.0,1,22.87,0,0,0,44.05,72.0,5800
52,92,1450,0,108.38,60.4,815.88,8.3,504000,19.78,3,0,51.21,0,5,43.0,1,21.67,1,1,0,9.05,40.8,6000
65,117,1509,1,108.38,60.4,815.88,8.3,552000,19.78,4,0,51.21,1,5,72.0,1,21.68,1,1,0,9.05,39.0,6500
80,133,1386,0,108.37,60.4,815.88,8.3,620000,19.78,4,0,51.21,1,5,86.0,0,21.68,1,1,0,9.05,45.0,8500
27,102,1230,0,108.38,60.4,815.88,8.3,440000,19.78,3,0,51.21,1,5,75.0,0,21.68,1,1,0,9.05,42.0,8000
63,98,1601,0,108.37,60.4,815.88,8.3,693600,19.78,3,0,51.21,1,5,65.0,1,21.67,1,1,0,9.05,44.0,6800
89,141,1217,0,108.37,60.4,815.88,8.3,900000,19.78,4,0,51.21,1,5,127.0,1,21.67,1,1,0,9.05,80.0,9000
99,107,1622,1,108.43,60.4,815.88,8.3,450000,19.78,3,0,51.21,1,5,54.0,1,21.71,1,1,0,9.05,50.0,5400
78,128,443,0,113.51,1011.5,28231.97,726.6,2400000,739.09,4,0,1350.4,0,5,358.0,1,22.82,0,0,0,194.34,211.0,28000
81,122,641,1,113.6,1011.5,28231.97,726.6,2300000,739.09,4,0,1350.4,1,5,305.0,1,23.29,0,0,0,194.34,200.0,25000
85,142,190,1,113.51,1011.5,28231.97,726.6,2980000,739.09,4,0,1350.4,1,5,520.0,0,23.16,0,0,0,194.34,313.0,35200
66,106,516,0,113.61,1011.5,28231.97,726.6,1300000,739.09,3,0,1350.4,0,5,165.0,0,23.23,0,0,0,194.34,105.0,14000
86,130,792,1,113.56,1011.5,28231.97,726.6,2500000,739.09,4,0,1350.4,1,5,320.0,0,22.77,0,0,0,194.34,205.0,26000
79,110,435,0,113.52,1011.5,28231.97,726.6,2610000,739.09,3,0,1350.4,0,5,363.0,0,22.76,0,0,0,194.34,261.0,33000
95,121,1389,1,113.6,1011.5,28231.97,726.6,3000000,739.09,3,0,1350.4,0,5,330.0,0,22.75,0,0,1,194.34,320.0,25000
98,138,1662,1,113.33,1011.5,28231.97,726.6,2750000,739.09,4,0,1350.4,1,5,365.0,0,23.31,0,0,0,194.34,275.0,27500
90,205,843,1,113.58,1011.5,28231.97,726.6,2600000,739.09,5,0,1350.4,0,5,650.0,0,23.16,0,1,0,194.34,200.0,23000
78,135,996,1,110.15,136.9,2311.0,6.9,500000,97.28,4,0,134.67,1,5,75.0,1,25.24,1,0,0,15.89,45.0,5300
89,166,1237,1,110.3,136.9,2311.0,6.9,450000,97.28,5,0,134.67,1,5,86.0,1,25.34,1,0,0,15.89,45.0,5200
93,143,1266,0,110.17,136.9,2311.0,6.9,650000,97.28,4,0,134.67,1,5,90.0,1,25.24,1,1,0,15.89,68.0,5700
74,135,1678,0,110.19,136.9,2311.0,6.9,500000,97.28,4,0,134.67,1,5,110.0,1,25.25,1,0,0,15.89,50.0,5200
89,143,976,1,110.32,136.9,2311.0,6.9,690000,97.28,4,0,134.67,0,5,98.0,1,25.23,1,0,0,15.89,66.0,7100
61,119,1645,0,110.19,136.9,2311.0,6.9,400000,97.28,3,0,134.67,0,5,50.0,1,25.26,1,0,0,15.89,39.0,5900
71,245,1297,1,110.18,136.9,2311.0,6.9,410000,97.28,5,0,134.67,0,5,200.0,1,25.26,1,1,0,15.89,46.0,6000
103,141,1631,0,110.33,136.9,2311.0,6.9,930000,97.28,4,0,134.67,1,5,220.0,1,25.25,1,0,0,15.89,160.0,11800
84,175,1671,0,110.18,136.9,2311.0,6.9,550000,97.28,5,0,134.67,1,5,115.0,1,25.23,1,1,0,15.89,55.0,6300
89,181,870,0,110.19,136.9,2311.0,6.9,550000,97.28,5,0,134.67,1,5,93.0,1,25.26,1,0,0,15.89,55.0,5800
119,136,1662,0,106.83,262.9,4711.03,88.1,890000,219.5,3,0,369.0,0,4,163.2,1,26.64,0,1,0,49.01,96.0,9500
125,164,948,0,106.62,262.9,4711.03,88.1,1700000,219.5,4,0,369.0,0,4,180.0,1,26.68,0,0,0,49.01,171.0,11000
81,100,1601,0,106.62,262.9,4711.03,88.1,1400000,219.5,3,0,369.0,0,4,135.0,0,26.66,0,1,1,49.01,109.0,11500
99,266,1387,0,106.61,262.9,4711.03,88.1,1330000,219.5,4,0,369.0,0,4,478.8,1,26.65,0,1,1,49.01,100.0,10000
93,126,2361,0,106.67,262.9,4711.03,88.1,1000000,219.5,3,0,369.0,0,4,100.0,1,26.61,0,0,0,49.01,74.0,9500
76,127,931,0,106.62,262.9,4711.03,88.1,900000,219.5,3,0,369.0,1,4,150.0,1,26.61,0,0,0,49.01,90.0,12000
108,140,1617,0,106.6,262.9,4711.03,88.1,950000,219.5,4,0,369.0,0,4,134.4,1,26.63,0,1,0,49.01,100.0,8800
124,126,1662,0,106.77,262.9,4711.03,88.1,1420000,219.5,3,0,369.0,0,4,142.0,1,26.55,0,0,0,49.01,140.0,11300
79,202,1601,0,106.66,262.9,4711.03,88.1,700000,219.5,5,0,369.0,0,4,243.0,1,26.42,0,1,0,49.01,58.4,7500
81,124,1478,0,106.7,262.9,4711.03,88.1,800000,219.5,3,0,369.0,0,4,93.0,1,26.54,0,0,0,49.01,60.0,7500
52,306,3878,1,111.78,149.0,3121.43,66.0,720000,149.0,4,0,272.66,0,1,505.0,0,40.84,0,1,1,19.34,72.0,14000
137,137,2953,0,111.74,149.0,3121.43,66.0,1700000,149.0,3,0,272.66,0,1,230.0,0,40.78,0,1,0,19.34,170.0,12800
80,115,1540,1,111.84,149.0,3121.43,66.0,730000,149.0,3,0,272.66,0,1,98.0,1,40.55,1,0,0,19.34,68.0,8700
96,139,3022,0,111.74,149.0,3121.43,66.0,1300000,149.0,3,0,272.66,0,1,180.0,1,40.83,0,1,1,19.34,74.0,13000
120,252,3136,0,111.71,149.0,3121.43,66.0,1500000,149.0,5,0,272.66,1,1,240.0,1,40.87,0,1,0,19.34,178.0,11500
356,792,4645,0,111.77,149.0,3121.43,66.0,16000000,149.0,7,0,272.66,0,1,2500.0,1,40.81,0,1,0,19.34,1600.0,29000
100,139,116,0,120.27,769.5,18109.42,567.2,2700000,522.83,4,1,801.63,0,2,334.0,0,30.4,0,0,0,169.48,247.0,24000
107,139,110,0,120.15,769.5,18109.42,567.2,3000000,522.83,4,1,801.63,0,2,410.0,0,30.38,0,0,0,169.48,315.0,29500
99,139,116,0,120.16,769.5,18109.42,567.2,2300000,522.83,4,1,801.63,0,2,330.0,0,30.38,0,0,0,169.48,230.0,23600
89,123,175,0,120.31,769.5,18109.42,567.2,2630000,522.83,4,0,801.63,0,2,335.0,0,30.19,0,0,0,169.48,295.0,32000
89,116,106,0,120.18,769.5,18109.42,567.2,1048900,522.83,4,0,801.63,1,2,150.0,0,29.95,0,0,0,169.48,116.0,13000
42,64,1205,1,120.11,769.5,18109.42,567.2,1050000,522.83,2,0,801.63,1,2,188.0,0,30.33,0,0,0,169.48,100.0,24000
45,73,931,1,120.22,769.5,18109.42,567.2,1350000,522.83,4,0,801.63,0,2,210.0,0,30.35,0,1,0,169.48,138.0,31000
255,515,1510,1,120.19,769.5,18109.42,567.2,20000000,522.83,6,0,801.63,0,2,3600.0,0,30.23,0,0,1,169.48,1785.0,80000
36,59,1361,1,120.25,769.5,18109.42,567.2,1700000,522.83,3,0,801.63,0,2,239.0,0,30.3,0,1,1,169.48,130.0,40000
88,176,1676,0,120.44,113.3,3644.87,69.8,836000,48.28,6,0,131.62,0,2,143.6,1,30.71,1,1,0,26.74,83.6,9500
233,233,1358,0,119.71,113.3,3644.87,69.8,3600000,48.28,5,0,131.62,0,2,386.0,1,30.61,1,1,0,26.74,326.0,15500
47,165,658,0,120.09,113.3,3644.87,69.8,1424000,48.28,4,0,131.62,1,2,130.0,1,30.87,0,1,0,26.74,70.0,16000
122,139,1306,0,120.29,113.3,3644.87,69.8,1280000,48.28,4,0,131.62,0,2,150.0,1,30.62,1,1,0,26.74,128.0,10500
138,168,1561,0,119.67,113.3,3644.87,69.8,2400000,48.28,4,0,131.62,0,2,285.0,1,30.6,1,1,0,26.74,240.0,17000
75,136,658,0,120.07,113.3,3644.87,69.8,1240000,48.28,4,0,131.62,0,2,160.0,1,30.97,1,1,0,26.74,95.0,12500
90,117,778,1,119.98,113.3,3644.87,69.8,900000,48.28,3,0,131.62,0,2,100.0,1,31.05,1,1,0,26.74,88.0,9600
79,107,566,1,117.16,312.7,11412.8,331.5,1150000,310.53,3,0,506.6,0,2,140.0,1,31.97,1,0,0,87.86,103.0,12500
89,104,350,0,117.45,312.7,11412.8,331.5,1140000,310.53,3,1,506.6,0,2,132.0,1,31.82,1,0,0,87.86,110.0,12800
99,120,44975,0,117.28,312.7,11412.8,331.5,1800000,310.53,3,1,506.6,0,2,230.0,0,31.95,0,0,0,87.86,185.0,18500
89,118,401,0,117.19,312.7,11412.8,331.5,1600000,310.53,3,1,506.6,0,2,200.0,0,31.7,1,0,0,87.86,170.0,18600
89,99,106,0,117.41,312.7,11412.8,331.5,1400000,310.53,3,0,506.6,0,2,156.0,0,31.92,0,0,0,87.86,132.0,15800
97,130,99,0,117.17,312.7,11412.8,331.5,2000000,310.53,3,1,506.6,0,2,235.0,0,31.73,1,0,0,87.86,160.0,17500
96,240,720,1,117.43,312.7,11412.8,331.5,1640000,310.53,4,0,506.6,1,2,220.0,0,31.88,1,0,0,87.86,186.0,13000
89,127,205,0,117.4,312.7,11412.8,331.5,1300000,310.53,4,0,506.6,1,2,200.0,1,31.86,1,0,0,87.86,125.0,14600
50,50,1765,0,117.26,312.7,11412.8,331.5,950000,310.53,1,0,506.6,1,2,155.0,0,31.82,0,1,1,87.86,95.0,19000
96,136,637,1,117.17,312.7,11412.8,331.5,1400000,310.53,4,0,506.6,1,2,200.0,0,31.98,1,1,0,87.86,140.0,13000
89,104,350,0,117.45,312.7,11412.8,331.5,1140000,310.53,3,1,506.6,0,2,132.0,1,31.82,1,0,0,87.86,110.0,12800
99,120,44975,0,117.28,312.7,11412.8,331.5,1800000,310.53,3,1,506.6,0,2,230.0,0,31.95,0,0,0,87.86,185.0,18500
89,118,401,0,117.19,312.7,11412.8,331.5,1600000,310.53,3,1,506.6,0,2,200.0,0,31.7,1,0,0,87.86,170.0,18600
89,99,106,0,117.41,312.7,11412.8,331.5,1400000,310.53,3,0,506.6,0,2,156.0,0,31.92,0,0,0,87.86,132.0,15800
97,130,99,0,117.17,312.7,11412.8,331.5,2000000,310.53,3,1,506.6,0,2,235.0,0,31.73,1,0,0,87.86,160.0,17500
96,240,720,1,117.43,312.7,11412.8,331.5,1640000,310.53,4,0,506.6,1,2,220.0,0,31.88,1,0,0,87.86,186.0,13000
89,127,205,0,117.4,312.7,11412.8,331.5,1300000,310.53,4,0,506.6,1,2,200.0,1,31.86,1,0,0,87.86,125.0,14600
95,165,1601,0,115.02,84.7,1910.0,0.8,790000,65.86,5,0,85.42,0,6,117.7,1,30.2,0,1,0,24.37,83.0,8300
107,278,1517,0,115.06,84.7,1910.0,0.8,650000,65.86,5,0,85.42,0,6,204.36,1,30.2,0,0,0,24.37,65.0,6500
280,280,780,0,115.06,84.7,1910.0,0.8,2450000,65.86,5,0,85.42,0,6,326.0,1,30.16,0,0,0,24.37,266.0,10000
133,146,976,0,115.06,84.7,1910.0,0.8,890000,65.86,4,0,85.42,0,6,108.0,1,30.23,0,0,0,24.37,97.0,7300
80,126,747,0,115.0,84.7,1910.0,0.8,440000,65.86,4,0,85.42,0,6,104.6,1,30.19,0,0,0,24.37,44.6,5500
118,181,719,0,115.02,84.7,1910.0,0.8,1104000,65.86,5,1,85.42,0,6,151.0,1,30.19,0,0,0,24.37,98.0,8300
102,132,44975,0,115.08,84.7,1910.0,0.8,860000,65.86,4,0,85.42,1,6,92.0,1,30.2,0,0,0,24.37,68.0,7300
95,165,1155,0,115.12,84.7,1910.0,0.8,790000,65.86,4,0,85.42,0,6,116.0,1,30.15,0,0,0,24.37,55.0,5500
108,129,1151,0,114.96,84.7,1910.0,0.8,600000,65.86,4,1,85.42,0,6,71.0,1,30.13,0,0,0,24.37,60.0,5500
90,109,614,1,114.44,183.4,4977.36,157.0,1230000,133.8,3,0,309.57,1,5,183.0,1,22.76,0,0,0,58.59,148.0,12500
78,135,693,0,114.48,183.4,4977.36,157.0,1330000,133.8,4,0,309.57,1,5,189.0,1,23.1,0,0,0,58.59,100.0,14000
70,119,613,0,114.43,183.4,4977.36,157.0,1620000,133.8,3,0,309.57,1,5,206.0,1,22.78,0,0,0,58.59,126.0,17000
88,120,948,1,114.53,183.4,4977.36,157.0,1260000,133.8,2,0,309.57,1,5,154.0,1,22.75,0,1,0,58.59,113.0,12150
85,165,1024,0,114.34,183.4,4977.36,157.0,1000000,133.8,4,0,309.57,0,5,148.5,1,23.18,0,1,0,58.59,76.5,8500
96,100,602,0,114.44,183.4,4977.36,157.0,1700000,133.8,3,0,309.57,1,5,165.0,0,22.78,0,0,0,58.59,158.0,17000
73,89,1694,0,114.53,183.4,4977.36,157.0,1200000,133.8,3,0,309.57,0,5,180.0,1,22.72,0,1,0,58.59,120.0,13000
96,124,1158,1,114.48,183.4,4977.36,157.0,1680000,133.8,4,0,309.57,1,5,200.0,0,22.78,0,0,0,58.59,165.0,17500
93,118,1376,1,114.48,183.4,4977.36,157.0,1510000,133.8,3,0,309.57,0,5,175.8,1,22.76,0,0,0,58.59,138.5,14900
134,134,1435,0,114.76,183.4,4977.36,157.0,800000,133.8,3,0,309.57,0,5,310.0,1,22.79,0,1,0,58.59,250.0,17000
119,172,140,0,110.34,214.7,2057.06,95.9,2490000,131.0,5,0,213.0,1,5,361.0,0,20.01,0,0,0,10.11,249.0,21000
101,207,170,0,110.18,214.7,2057.06,95.9,1800000,131.0,4,0,213.0,0,5,560.0,0,19.99,0,1,0,10.11,164.0,14500
98,154,140,0,110.41,214.7,2057.06,95.9,1950000,131.0,5,0,213.0,1,5,240.0,1,20.0,0,1,0,10.11,195.0,19500
76,141,262,1,110.18,214.7,2057.06,95.9,2000000,131.0,4,0,213.0,1,5,262.0,0,20.06,0,1,0,10.11,186.0,18600
51,147,1156,1,110.21,214.7,2057.06,95.9,1920000,131.0,4,0,213.0,0,5,252.0,1,20.06,0,1,0,10.11,192.0,17300
54,138,2697,0,110.19,214.7,2057.06,95.9,2500000,131.0,4,0,213.0,0,5,270.0,0,20.06,0,1,0,10.11,200.0,20000
47,174,597,0,110.19,214.7,2057.06,95.9,1800000,131.0,3,0,213.0,0,5,223.0,1,20.06,0,0,0,10.11,163.0,17300
111,204,140,1,110.32,214.7,2057.06,95.9,2150000,131.0,5,0,213.0,1,5,304.0,0,20.07,0,0,0,10.11,200.0,18500
63,117,1996,1,110.34,214.7,2057.06,95.9,2600000,131.0,3,0,213.0,0,5,320.0,1,19.92,0,1,0,10.11,260.0,22000
88,155,557,1,112.74,64.7,1843.4,22.5,770000,49.02,4,0,104.51,1,1,122.0,1,37.77,1,1,0,19.33,70.0,7800
85,148,688,0,112.75,64.7,1843.4,22.5,1000000,49.02,5,0,104.51,1,1,130.0,1,37.74,1,1,0,19.33,66.0,7500
35,98,1036,0,112.75,64.7,1843.4,22.5,500000,49.02,1,0,104.51,1,1,345.0,1,37.72,1,0,0,19.33,93.0,22000
85,201,909,0,112.68,64.7,1843.4,22.5,1000000,49.02,5,0,104.51,1,1,180.0,0,37.72,1,0,0,19.33,113.0,7300
90,171,1298,1,112.73,64.7,1843.4,22.5,850000,49.02,4,0,104.51,0,1,147.0,1,37.73,1,1,0,19.33,84.0,6800
51,125,839,0,112.67,64.7,1843.4,22.5,750000,49.02,3,0,104.51,1,1,98.0,1,37.79,1,0,0,19.33,41.0,7300
83,175,1246,0,112.56,64.7,1843.4,22.5,1250000,49.02,4,0,104.51,0,1,245.0,1,37.52,0,0,0,19.33,125.0,12500
51,92,870,0,112.74,64.7,1843.4,22.5,1200000,49.02,1,0,104.51,1,1,150.0,1,37.77,1,1,0,19.33,100.0,25000
88,135,616,0,112.73,64.7,1843.4,22.5,720000,49.02,3,1,104.51,0,1,110.0,1,37.74,1,0,0,19.33,73.0,8100
43,59,1631,0,120.37,103.9,6355.28,79.3,387000,53.64,4,0,163.42,0,2,53.1,1,30.64,1,0,0,34.94,38.7,9500
25,41,1662,0,120.39,103.9,6355.28,79.3,430000,53.64,2,0,163.42,1,2,70.0,0,30.36,1,1,0,34.94,38.0,14500
69,99,1348,0,120.97,103.9,6355.28,79.3,1500000,53.64,3,0,163.42,0,2,165.0,1,30.85,1,1,0,34.94,116.0,17000
74,96,1266,1,120.58,103.9,6355.28,79.3,1100000,53.64,3,0,163.42,0,2,129.0,1,30.55,1,1,0,34.94,99.0,14500
72,120,526,0,120.84,103.9,6355.28,79.3,1300000,53.64,4,0,163.42,1,2,144.0,1,30.76,1,1,0,34.94,130.0,14350
62,62,1236,0,120.45,103.9,6355.28,79.3,460000,53.64,2,0,163.42,0,2,130.0,1,30.45,1,1,0,34.94,70.0,11000
96,129,463,0,116.94,847.9,11432.22,196.02,1100000,460.53,4,0,793.65,0,2,167.0,1,36.58,0,0,0,128.78,110.0,11500
105,125,553,1,117.03,847.9,11432.22,196.02,1700000,460.53,3,0,793.65,0,2,200.0,1,36.69,0,0,0,128.78,170.0,16500
105,140,100,0,117.13,847.9,11432.22,196.02,2000000,460.53,4,0,793.65,0,2,260.0,1,36.71,0,0,0,128.78,200.0,18500
96,130,230,0,117.12,847.9,11432.22,196.02,1500000,460.53,4,0,793.65,0,2,182.0,1,36.74,0,0,0,128.78,130.0,14000
126,167,104,0,117.14,847.9,11432.22,196.02,3000000,460.53,4,1,793.65,0,2,360.0,1,36.71,0,0,0,128.78,245.0,21000
105,143,189,0,117.25,847.9,11432.22,196.02,1400000,460.53,4,1,793.65,0,2,209.0,1,36.72,0,0,0,128.78,135.0,13300
100,165,1040,1,116.89,847.9,11432.22,196.02,2000000,460.53,4,0,793.65,0,2,495.0,0,36.69,0,1,1,128.78,170.0,15500
109,130,1862,0,116.76,847.9,11432.22,196.02,880000,460.53,3,0,793.65,1,2,126.0,1,36.55,1,0,0,128.78,106.0,8200
105,166,602,1,116.82,847.9,11432.22,196.02,1200000,460.53,4,0,793.65,0,2,166.0,1,36.52,0,1,1,128.78,105.0,9500
126,275,447,0,102.72,482.5,7222.5,6.8,2970000,284.93,5,1,456.15,0,4,413.0,0,24.98,0,0,0,53.98,189.0,15000
89,190,931,1,102.73,482.5,7222.5,6.8,1750000,284.93,4,1,456.15,0,4,480.0,0,24.97,0,0,0,53.98,178.0,15500
89,165,1030,1,102.68,482.5,7222.5,6.8,2200000,284.93,4,0,456.15,1,4,310.0,0,25.09,0,0,0,53.98,160.0,17000
92,143,602,0,102.76,482.5,7222.5,6.8,1750000,284.93,3,1,456.15,0,4,220.0,0,25.04,0,0,0,53.98,150.0,16000
90,143,980,1,102.79,482.5,7222.5,6.8,1590000,284.93,4,0,456.15,1,4,236.0,0,25.04,0,0,0,53.98,142.0,15500
41,63,1266,1,102.7,482.5,7222.5,6.8,430000,284.93,1,0,456.15,1,4,115.0,0,25.01,0,0,0,53.98,55.0,11750
84,179,1043,1,102.75,482.5,7222.5,6.8,2000000,284.93,4,0,456.15,1,4,260.0,0,25.12,0,0,1,53.98,179.0,14500
38,93,388,1,102.76,482.5,7222.5,6.8,560000,284.93,3,0,456.15,0,4,65.0,1,24.98,0,0,1,53.98,51.0,8000
125,139,2302,1,102.75,482.5,7222.5,6.8,4000000,284.93,4,0,456.15,0,4,450.0,0,24.94,0,1,0,53.98,350.0,30000
75,118,1143,0,116.92,88.7,3553.1,12.2,1100000,56.06,3,0,80.12,0,1,177.0,1,39.95,0,0,0,7.63,105.0,11000
125,135,876,0,116.84,88.7,3553.1,12.2,1680000,56.06,3,0,80.12,0,1,210.0,1,40.04,0,0,0,7.63,168.0,15000
86,130,658,0,116.28,88.7,3553.1,12.2,950000,56.06,4,0,80.12,0,1,185.0,1,39.48,1,0,0,7.63,123.0,11100
95,133,201,0,116.3,88.7,3553.1,12.2,1250000,56.06,3,0,80.12,0,1,133.0,1,39.43,1,0,0,7.63,103.0,10800
123,200,900,0,116.68,88.7,3553.1,12.2,1700000,56.06,4,0,80.12,0,1,420.0,1,39.55,1,0,0,7.63,190.0,13500
97,118,658,0,116.79,88.7,3553.1,12.2,2350000,56.06,3,0,80.12,1,1,310.0,0,40.0,0,0,0,7.63,210.0,24000
84,270,883,0,116.78,88.7,3553.1,12.2,2000000,56.06,5,0,80.12,0,1,620.0,0,39.97,0,1,0,7.63,195.0,23500
78,94,768,0,116.31,88.7,3553.1,12.2,1050000,56.06,3,0,80.12,1,1,119.0,1,39.46,1,0,0,7.63,99.0,11500
73,125,1601,0,116.28,88.7,3553.1,12.2,890000,56.06,3,0,80.12,0,1,168.0,1,39.44,1,1,0,7.63,93.0,11300
87,132,2142,0,116.33,88.7,3553.1,12.2,980000,56.06,3,0,80.12,0,1,149.0,1,39.44,1,1,0,7.63,98.0,11000
87,114,296,0,103.71,108.8,2205.15,22.6,625000,50.16,4,1,75.82,0,4,80.5,1,29.54,0,0,0,10.14,51.8,6400
86,86,2141,0,103.46,108.8,2205.15,22.6,710000,50.16,3,0,75.82,0,4,131.0,1,29.58,1,1,0,10.14,71.0,12000
173,397,1754,0,103.46,108.8,2205.15,22.6,4000000,50.16,5,0,75.82,0,4,2076.0,1,29.58,1,1,0,10.14,248.0,17000
244,408,3402,0,103.47,108.8,2205.15,22.6,2700000,50.16,5,0,75.82,0,4,351.0,1,29.58,1,1,0,10.14,330.0,6000
131,131,1389,0,103.47,108.8,2205.15,22.6,780000,50.16,4,0,75.82,1,4,138.0,1,29.59,1,1,0,10.14,78.0,6500
188,218,2135,0,103.47,108.8,2205.15,22.6,3000000,50.16,4,0,75.82,0,4,300.0,1,29.59,1,0,0,10.14,280.0,12000
49,103,1382,1,103.46,108.8,2205.15,22.6,600000,50.16,3,0,75.82,0,4,97.0,0,29.57,1,1,0,10.14,60.0,10000
79,166,1456,1,103.87,132.6,1380.2,18.6,660000,55.08,4,0,85.32,1,4,140.0,0,30.18,1,0,0,13.75,60.0,7800
75,138,789,1,103.93,132.6,1380.2,18.6,650000,55.08,4,0,85.32,1,4,160.0,1,30.31,1,0,0,13.75,73.0,7400
88,154,658,1,103.91,132.6,1380.2,18.6,800000,55.08,4,0,85.32,1,4,123.0,1,30.08,0,1,0,13.75,64.0,7000
94,138,981,0,103.87,132.6,1380.2,18.6,800000,55.08,4,0,85.32,1,4,103.0,1,30.21,1,0,0,13.75,65.0,7000
99,170,1124,1,103.87,132.6,1380.2,18.6,950000,55.08,5,0,85.32,1,4,123.0,1,30.21,1,0,0,13.75,68.0,7000
88,121,658,1,103.88,132.6,1380.2,18.6,750000,55.08,4,0,85.32,1,4,86.0,1,30.18,1,0,0,13.75,52.8,5900
86,131,674,1,103.91,132.6,1380.2,18.6,750000,55.08,4,0,85.32,1,4,112.0,1,30.08,0,1,0,13.75,62.0,7300
68,168,1266,1,103.86,132.6,1380.2,18.6,650000,55.08,4,0,85.32,1,4,126.0,0,30.04,0,0,0,13.75,45.0,6500
189,209,1205,1,103.91,132.6,1380.2,18.6,2850000,55.08,9,0,85.32,1,4,330.0,1,30.08,0,1,0,13.75,285.0,15500
102,124,657,0,104.07,132.6,1380.2,18.6,1200000,55.08,4,0,85.32,1,4,125.0,0,30.17,1,0,0,13.75,120.0,11000
99,140,109,0,118.85,733.7,16356.0,46.0,3300000,653.78,4,1,868.28,0,2,470.0,0,32.14,0,0,0,303.91,330.0,34067
90,140,478,0,118.94,733.7,16356.0,46.0,2560000,653.78,3,0,868.28,1,2,450.0,0,32.06,0,0,0,303.91,256.0,30500
92,121,413,1,119.0,733.7,16356.0,46.0,1000000,653.78,4,0,868.28,0,2,152.0,0,31.73,0,1,1,303.91,125.0,12500
97,135,44975,0,118.65,733.7,16356.0,46.0,3000000,653.78,4,0,868.28,1,2,420.0,0,32.06,0,0,0,303.91,300.0,32500
97,138,141,0,118.71,733.7,16356.0,46.0,3050000,653.78,4,0,868.28,0,2,420.0,0,31.96,0,0,0,303.91,305.0,33000
79,255,444,1,118.92,733.7,16356.0,46.0,3400000,653.78,4,0,868.28,0,2,837.0,0,32.04,0,1,0,303.91,340.0,31000
240,257,2477,1,118.86,733.7,16356.0,46.0,9000000,653.78,5,0,868.28,0,2,900.0,1,32.1,0,1,1,303.91,850.0,35500
54,62,1662,1,120.84,313.4,11026.94,94.3,650000,150.08,3,0,300.14,0,2,83.7,1,32.05,0,1,0,72.27,72.9,11500
30,77,996,1,120.88,313.4,11026.94,94.3,650000,150.08,3,0,300.14,0,2,70.0,1,32.06,0,1,0,72.27,60.0,11000
124,224,566,0,120.57,313.4,11026.94,94.3,2050000,150.08,4,0,300.14,1,2,350.0,0,32.38,0,0,0,72.27,205.0,16500
106,167,798,0,121.43,313.4,11026.94,94.3,1200000,150.08,4,0,300.14,0,2,150.0,1,32.17,0,0,0,72.27,90.0,9000
60,120,2225,1,120.87,313.4,11026.94,94.3,600000,150.08,3,0,300.14,0,2,75.0,1,32.07,0,1,0,72.27,50.0,10000
94,122,809,0,120.61,313.4,11026.94,94.3,850000,150.08,3,0,300.14,0,2,110.0,1,32.1,0,1,0,72.27,85.0,9500
40,60,900,0,120.94,313.4,11026.94,94.3,450000,150.08,3,0,300.14,0,2,118.0,1,32.01,0,0,0,72.27,58.0,10000
83,150,1511,1,121.38,313.4,11026.94,94.3,720000,150.08,4,0,300.14,0,2,118.0,1,31.86,0,1,0,72.27,73.0,8300
133,133,1520,1,121.38,313.4,11026.94,94.3,1900000,150.08,4,0,300.14,0,2,250.0,1,31.86,0,1,0,72.27,190.0,14000
98,138,1155,0,120.83,313.4,11026.94,94.3,2400000,150.08,4,0,300.14,0,2,300.0,0,32.07,0,1,0,72.27,240.0,22000
100,160,1331,1,121.59,311.2,14594.92,217.7,3240000,221.93,4,0,388.93,0,2,384.0,0,29.8,0,1,0,134.3,324.0,31200
85,170,606,1,121.23,311.2,14594.92,217.7,1150000,221.93,4,0,388.93,0,2,221.0,1,30.35,1,0,0,134.3,101.0,13000
98,118,785,1,121.44,311.2,14594.92,217.7,1700000,221.93,4,0,388.93,1,2,240.0,1,29.72,1,0,0,134.3,196.0,17500
89,129,275,0,121.48,311.2,14594.92,217.7,2500000,221.93,4,0,388.93,1,2,330.0,0,29.87,0,0,0,134.3,198.0,24900
107,135,148,0,121.6,311.2,14594.92,217.7,3200000,221.93,4,0,388.93,0,2,460.0,0,29.84,0,0,0,134.3,320.0,33700
70,125,882,1,121.24,311.2,14594.92,217.7,1200000,221.93,4,0,388.93,0,2,170.0,1,30.33,1,1,0,134.3,100.0,13500
97,124,1266,1,121.21,311.2,14594.92,217.7,1100000,221.93,3,0,388.93,1,2,150.0,1,30.33,1,1,0,134.3,115.0,11500
103,128,765,0,121.04,311.2,14594.92,217.7,1100000,221.93,4,0,388.93,0,2,128.0,1,30.18,0,0,0,134.3,105.0,10700
89,108,1592,1,115.86,318.1,6650.53,28.2,1000000,283.77,3,0,365.51,0,2,170.0,0,28.78,0,0,0,65.5,110.0,9300
89,138,641,1,115.94,318.1,6650.53,28.2,1100000,283.77,4,0,365.51,1,2,179.0,0,28.54,0,0,0,65.5,116.0,11500
125,143,1207,1,115.85,318.1,6650.53,28.2,2180000,283.77,4,0,365.51,1,2,250.0,0,28.7,0,0,0,65.5,234.0,20000
88,230,568,1,115.89,318.1,6650.53,28.2,1880000,283.77,4,0,365.51,1,2,714.0,0,28.63,0,0,0,65.5,165.0,21000
145,275,1272,1,115.86,318.1,6650.53,28.2,1100000,283.77,5,0,365.51,1,2,206.0,1,28.6,0,1,0,65.5,112.0,7500
28,54,505,1,115.88,318.1,6650.53,28.2,300000,283.77,2,0,365.51,0,2,75.0,1,28.71,0,0,1,65.5,38.0,11000
114,201,900,1,115.73,318.1,6650.53,28.2,1560000,283.77,5,0,365.51,0,2,360.0,1,28.7,1,1,0,65.5,130.0,12500
126,245,1237,1,115.85,318.1,6650.53,28.2,1400000,283.77,5,0,365.51,0,2,700.0,1,28.8,0,1,0,65.5,151.0,9500
97,142,533,0,108.41,422.0,5120.94,167.7,1230000,265.31,4,0,327.51,1,5,220.0,1,22.75,0,0,0,19.23,130.0,12500
79,126,547,0,108.39,422.0,5120.94,167.7,1000000,265.31,4,0,327.51,1,5,150.0,0,22.7,0,0,0,19.23,95.0,11000
75,116,566,1,108.43,422.0,5120.94,167.7,800000,265.31,3,0,327.51,1,5,98.0,1,22.89,0,1,0,19.23,77.0,8700
88,142,687,1,108.28,422.0,5120.94,167.7,1270000,265.31,5,0,327.51,0,5,156.0,0,22.77,0,1,0,19.23,112.0,12500
48,114,992,1,108.36,422.0,5120.94,167.7,1150000,265.31,4,0,327.51,0,5,137.0,0,22.74,0,1,1,19.23,62.0,13000
56,192,1153,1,108.4,422.0,5120.94,167.7,3500000,265.31,4,0,327.51,0,5,410.0,0,22.73,0,1,1,19.23,350.0,21000
90,125,658,1,108.46,422.0,5120.94,167.7,1670000,265.31,4,0,327.51,0,5,194.0,0,22.8,0,1,0,19.23,140.0,15500
88,140,1205,1,108.37,422.0,5120.94,167.7,1700000,265.31,4,0,327.51,0,5,252.0,0,22.78,0,1,0,19.23,127.0,18000
99,203,580,1,108.34,422.0,5120.94,167.7,980000,265.31,5,0,327.51,1,5,346.0,0,22.8,0,1,0,19.23,125.0,10500
90,90,1570,0,106.08,193.7,2601.98,37.4,840000,120.0,3,0,167.14,1,4,143.0,1,30.85,0,1,0,24.56,83.0,9300
85,120,1602,1,106.12,193.7,2601.98,37.4,660000,120.0,4,0,167.14,1,4,65.0,1,30.71,0,1,0,24.56,46.0,5099
96,110,1574,1,106.19,193.7,2601.98,37.4,550000,120.0,3,0,167.14,1,4,60.0,1,30.77,0,1,0,24.56,53.0,5200
80,126,1450,0,106.06,193.7,2601.98,37.4,730000,120.0,4,0,167.14,0,4,120.0,1,30.79,0,1,0,24.56,53.0,7200
108,129,1631,0,106.09,193.7,2601.98,37.4,900000,120.0,4,0,167.14,0,4,106.0,1,30.83,0,0,0,24.56,95.0,8000
148,152,1631,0,106.09,193.7,2601.98,37.4,940000,120.0,5,0,167.14,1,4,400.0,1,30.83,0,0,0,24.56,300.0,15000
126,126,1450,0,106.06,193.7,2601.98,37.4,1600000,120.0,4,0,167.14,0,4,220.0,1,30.79,0,1,0,24.56,160.0,10000
94,115,1053,0,106.14,193.7,2601.98,37.4,550000,120.0,3,0,167.14,0,4,115.0,1,30.79,0,1,0,24.56,55.0,5800
83,179,630,0,119.55,150.1,1685.8,32.1,1190000,105.43,4,0,146.7,0,1,250.0,1,39.91,0,0,0,15.6,121.0,13500
81,148,161,0,119.51,150.1,1685.8,32.1,800000,105.43,4,1,146.7,0,1,160.0,1,39.91,0,0,0,15.6,80.0,11000
49,329,2514,0,119.56,150.1,1685.8,32.1,4370000,105.43,4,0,146.7,1,1,592.0,0,39.91,0,0,0,15.6,89.0,19000
53,147,201,0,119.41,150.1,1685.8,32.1,700000,105.43,3,0,146.7,0,1,249.0,0,39.78,0,0,0,15.6,80.0,14500
36,124,658,0,119.32,150.1,1685.8,32.1,500000,105.43,3,0,146.7,1,1,380.0,0,39.67,0,1,0,15.6,198.0,25000
68,132,1510,0,119.62,150.1,1685.8,32.1,1300000,105.43,3,0,146.7,1,1,175.0,1,39.93,0,0,0,15.6,100.0,12000
86,133,1996,0,119.3,150.1,1685.8,32.1,540000,105.43,3,0,146.7,0,1,88.0,1,39.78,0,0,0,15.6,52.0,6200
86,126,505,0,119.62,150.1,1685.8,32.1,830000,105.43,3,0,146.7,1,1,119.0,1,39.98,0,0,0,15.6,81.0,9800
42,146,672,0,119.52,150.1,1685.8,32.1,500000,105.43,4,0,146.7,1,1,99.0,0,40.0,0,1,0,15.6,31.0,7300
143,165,275,0,118.59,316.4,11304.17,70.8,2100000,138.25,5,1,230.0,0,2,240.0,1,24.87,0,0,0,20.8,210.0,15000
62,121,388,0,118.64,316.4,11304.17,70.8,900000,138.25,3,1,230.0,0,2,100.0,1,24.78,0,0,0,20.8,45.0,8600
125,180,2826,0,118.71,316.4,11304.17,70.8,450000,138.25,4,0,230.0,0,2,145.0,1,24.68,0,1,0,20.8,100.0,10000
80,147,3180,0,118.69,316.4,11304.17,70.8,1470000,138.25,4,0,230.0,1,2,140.0,1,24.97,0,1,0,20.8,80.0,10000
77,200,1556,0,119.79,732.8,14136.0,124.86,4080000,455.3,4,0,761.52,1,2,500.0,0,35.8,0,1,0,208.43,135.0,25000
103,150,1631,1,120.09,732.8,14136.0,124.86,1250000,455.3,4,0,761.52,1,2,187.0,1,36.17,0,1,0,208.43,116.0,10000
85,115,1389,0,119.72,732.8,14136.0,124.86,650000,455.3,3,0,761.52,0,2,61.0,1,36.13,1,1,0,208.43,45.0,6500
206,380,3492,0,120.68,732.8,14136.0,124.86,3500000,455.3,5,0,761.52,0,2,700.0,1,36.47,0,1,0,208.43,350.0,17000
89,138,956,1,120.44,732.8,14136.0,124.86,1460000,455.3,4,0,761.52,1,2,276.0,1,36.32,0,0,0,208.43,130.0,16500
88,112,1509,0,120.08,732.8,14136.0,124.86,1300000,455.3,3,0,761.52,1,2,178.0,0,35.94,0,1,0,208.43,140.0,15800
85,118,1071,1,120.43,732.8,14136.0,124.86,1200000,455.3,3,0,761.52,1,2,181.0,1,36.28,0,0,0,208.43,120.0,15000
66,178,1084,1,120.13,732.8,14136.0,124.86,1500000,455.3,4,0,761.52,0,2,294.0,1,35.93,0,0,1,208.43,75.0,13000
151,180,2343,1,120.28,732.8,14136.0,124.86,4500000,455.3,3,0,761.52,0,2,540.0,0,35.98,0,1,0,208.43,450.0,30000
117,133,1542,1,120.4,732.8,14136.0,124.86,3320000,455.3,3,0,761.52,0,2,470.0,0,36.12,0,0,1,208.43,420.0,33000
79,120,1286,0,112.99,152.9,2007.45,9.2,850000,53.31,4,0,93.65,0,5,110.0,0,23.48,0,1,0,8.71,61.0,6900
67,127,564,0,113.04,152.9,2007.45,9.2,620000,53.31,3,1,93.65,0,5,78.0,1,23.68,0,0,0,8.71,43.0,6900
85,118,686,0,113.06,152.9,2007.45,9.2,750000,53.31,3,0,93.65,0,5,97.0,0,23.72,0,0,0,8.71,83.0,7500
67,113,1041,0,113.06,152.9,2007.45,9.2,900000,53.31,4,0,93.65,0,5,96.0,0,23.54,0,1,0,8.71,53.0,7500
39,120,1691,0,113.07,152.9,2007.45,9.2,930000,53.31,4,0,93.65,1,5,132.0,0,23.67,0,0,0,8.71,45.0,9500
99,270,870,0,113.08,152.9,2007.45,9.2,1540000,53.31,4,0,93.65,1,5,351.0,0,23.7,0,0,0,8.71,99.0,16000
38,139,1875,0,113.03,152.9,2007.45,9.2,820000,53.31,4,0,93.65,1,5,129.0,1,23.69,0,0,0,8.71,40.0,9100
85,126,924,0,113.02,152.9,2007.45,9.2,600000,53.31,4,0,93.65,0,5,96.0,0,23.72,0,1,0,8.71,58.0,7000
118,146,1266,0,113.06,152.9,2007.45,9.2,1380000,53.31,4,0,93.65,0,5,190.0,0,23.71,0,0,0,8.71,130.0,8500
110,126,1450,0,110.62,52.3,337.87,12.2,2660000,8.64,3,0,20.68,0,5,290.0,0,19.23,0,1,0,0.69,253.0,19800
58,134,2856,0,110.62,52.3,337.87,12.2,1770000,8.64,4,0,20.68,0,5,351.0,0,19.22,0,1,0,0.69,196.0,22000
57,147,1874,0,110.6,52.3,337.87,12.2,970000,8.64,3,0,20.68,0,5,250.0,0,19.2,0,1,0,0.69,97.0,17000
53,80,2276,0,110.46,52.3,337.87,12.2,640000,8.64,2,0,20.68,0,5,96.0,1,19.27,0,1,0,0.69,64.0,12000
59,139,1237,0,110.49,52.3,337.87,12.2,800000,8.64,3,0,20.68,1,5,189.0,0,19.25,0,0,0,0.69,80.0,13500
101,141,1308,0,110.47,52.3,337.87,12.2,1630000,8.64,3,0,20.68,1,5,210.0,0,19.28,0,1,0,0.69,153.0,15000
45,99,1281,0,110.48,52.3,337.87,12.2,630000,8.64,3,0,20.68,0,5,139.0,0,19.27,0,0,0,0.69,63.0,14000
85,141,246,0,114.55,569.0,6490.3,11.3,1810000,361.67,3,0,334.77,1,1,253.0,0,38.08,0,0,0,27.38,140.0,17500
88,177,837,1,114.57,569.0,6490.3,11.3,2780000,361.67,4,0,334.77,0,1,285.0,1,38.06,0,0,0,27.38,160.0,19000
82,143,266,0,114.44,569.0,6490.3,11.3,1800000,361.67,4,0,334.77,1,1,229.0,0,38.0,0,0,0,27.38,132.0,16500
88,132,215,1,114.62,569.0,6490.3,11.3,1090000,361.67,3,0,334.77,0,1,149.0,0,37.99,0,1,0,27.38,107.0,12000
76,128,470,1,114.6,569.0,6490.3,11.3,1250000,361.67,3,0,334.77,1,1,177.0,1,37.98,0,0,0,27.38,125.0,11000
258,258,1571,1,114.44,569.0,6490.3,11.3,3000000,361.67,1,0,334.77,0,1,577.0,1,38.11,0,0,0,27.38,517.0,17000
161,335,2392,0,114.43,569.0,6490.3,11.3,4000000,361.67,4,0,334.77,0,1,454.0,1,38.02,0,0,0,27.38,332.0,20500
161,563,1519,1,114.52,569.0,6490.3,11.3,6000000,361.67,7,0,334.77,0,1,1150.0,1,38.04,0,0,1,27.38,536.0,33000
85,141,246,0,114.55,569.0,6490.3,11.3,1810000,361.67,3,0,334.77,1,1,253.0,0,38.08,0,0,0,27.38,140.0,17500
82,143,266,0,114.44,569.0,6490.3,11.3,1800000,361.67,4,0,334.77,1,1,229.0,0,38.0,0,0,0,27.38,132.0,16500
94,132,255,1,123.33,625.0,7249.0,190.0,1050000,474.0,4,0,570.0,1,0,201.0,1,41.84,0,1,0,142.37,120.0,11000
135,220,180,1,123.33,625.0,7249.0,190.0,1800000,474.0,8,0,570.0,1,0,499.0,1,41.84,0,0,0,142.37,180.0,12500
90,163,1723,1,123.44,625.0,7249.0,190.0,3200000,474.0,5,0,570.0,0,0,480.0,1,41.74,0,0,0,142.37,180.0,20000
34,75,1789,0,123.47,625.0,7249.0,190.0,600000,474.0,1,0,570.0,1,0,65.0,1,41.78,0,0,0,142.37,28.0,8000
50,146,1053,1,123.51,625.0,7249.0,190.0,800000,474.0,4,0,570.0,0,0,157.0,1,41.7,0,0,0,142.37,57.0,9600
46,88,2058,1,123.47,625.0,7249.0,190.0,620000,474.0,2,0,570.0,1,0,83.0,1,41.85,0,0,0,142.37,43.0,9000
47,119,2807,1,123.45,625.0,7249.0,190.0,750000,474.0,3,0,570.0,0,0,156.0,1,41.81,0,0,1,142.37,75.0,13500
75,112,1254,0,123.43,625.0,7249.0,190.0,520000,474.0,3,0,570.0,1,0,63.0,1,41.96,0,0,1,142.37,49.0,6500
64,133,1927,1,123.45,625.0,7249.0,190.0,1790000,474.0,3,0,570.0,0,0,179.0,1,41.72,0,1,1,142.37,145.0,13500
85,125,1421,1,123.36,625.0,7249.0,190.0,870000,474.0,3,0,570.0,1,0,98.8,1,41.88,0,0,0,142.37,82.6,8600
76,151,336,0,121.31,2489.4,43214.85,1047.97,1800000,2489.43,4,0,1242.0,0,2,320.0,0,30.84,1,0,0,179.68,160.0,21074
84,130,218,0,121.4,2489.4,43214.85,1047.97,3100000,2489.43,4,0,1242.0,0,2,407.0,0,30.91,0,0,0,179.68,272.0,29800
93,143,188,0,121.93,2489.4,43214.85,1047.97,3000000,2489.43,4,1,1242.0,0,2,548.0,0,30.88,0,0,0,179.68,293.0,34000
98,118,444,0,120.85,2489.4,43214.85,1047.97,1500000,2489.43,3,0,1242.0,0,2,190.0,0,31.12,0,0,0,179.68,152.0,16300
48,94,524,1,121.77,2489.4,43214.85,1047.97,850000,2489.43,3,0,1242.0,0,2,110.0,0,31.99,0,1,0,179.68,48.0,10500
70,145,661,1,120.98,2489.4,43214.85,1047.97,1300000,2489.43,4,0,1242.0,0,2,203.0,1,30.54,1,0,0,179.68,100.0,13500
90,125,525,1,120.97,2489.4,43214.85,1047.97,1800000,2489.43,3,0,1242.0,0,2,205.0,0,31.19,0,1,0,179.68,165.0,19000
87,128,1723,0,120.97,2489.4,43214.85,1047.97,800000,2489.43,3,0,1242.0,0,2,90.0,1,30.14,1,1,0,179.68,65.0,8000
76,151,336,0,121.31,2489.4,43214.85,1047.97,1800000,2489.43,4,0,1242.0,0,2,320.0,0,30.84,1,0,0,179.68,160.0,21074
93,143,188,0,121.93,2489.4,43214.85,1047.97,3000000,2489.43,4,1,1242.0,0,2,548.0,0,30.88,0,0,0,179.68,293.0,34000
90,125,525,1,120.97,2489.4,43214.85,1047.97,1800000,2489.43,3,0,1242.0,0,2,205.0,0,31.19,0,1,0,179.68,165.0,19000
89,142,455,0,120.46,396.2,22718.34,356.9,1800000,304.42,4,0,481.33,0,2,300.0,0,31.37,0,0,0,124.5,170.0,20850
98,140,898,1,120.45,396.2,22718.34,356.9,2800000,304.42,4,0,481.33,0,2,390.0,0,31.36,0,0,0,124.5,340.0,28000
100,125,518,1,120.42,396.2,22718.34,356.9,2480000,304.42,4,0,481.33,1,2,290.0,0,31.37,0,0,0,124.5,235.0,24800
118,170,598,1,120.54,396.2,22718.34,356.9,3000000,304.42,4,0,481.33,0,2,480.0,1,31.27,0,1,1,124.5,320.0,26000
95,119,839,1,120.61,396.2,22718.34,356.9,2300000,304.42,3,0,481.33,0,2,310.0,0,31.21,0,0,0,124.5,220.0,24000
289,294,2499,1,120.44,396.2,22718.34,356.9,10600000,304.42,4,0,481.33,0,2,1200.0,1,31.23,0,1,0,124.5,1050.0,36000
338,496,2484,1,120.33,396.2,22718.34,356.9,6500000,304.42,6,0,481.33,0,2,645.0,1,31.14,0,0,0,124.5,525.0,15000
86,127,231,0,120.86,396.2,22718.34,356.9,1700000,304.42,3,0,481.33,0,2,195.0,1,31.04,0,1,0,124.5,145.0,16000
220,389,719,1,120.6,396.2,22718.34,356.9,7000000,304.42,6,0,481.33,0,2,456.0,1,31.15,0,1,1,124.5,396.0,18354
95,105,308,0,120.6,219.9,6795.26,116.3,2700000,113.46,3,0,263.05,0,2,300.0,0,30.06,0,0,0,65.38,260.0,31000
98,115,750,1,120.54,219.9,6795.26,116.3,2250000,113.46,3,1,263.05,0,2,270.0,0,30.09,0,0,0,65.38,230.0,24300
89,132,1339,0,120.84,219.9,6795.26,116.3,1200000,113.46,4,0,263.05,0,2,178.0,0,29.58,0,1,0,65.38,100.0,13500
89,139,855,1,120.74,219.9,6795.26,116.3,900000,113.46,4,0,263.05,0,2,130.0,1,29.53,0,1,0,65.38,110.0,7700
193,235,1239,0,120.74,219.9,6795.26,116.3,2550000,113.46,5,0,263.05,0,2,460.0,1,29.53,0,1,0,65.38,290.0,13800
95,220,1144,0,120.38,219.9,6795.26,116.3,2250000,113.46,6,0,263.05,0,2,710.0,1,30.15,0,1,0,65.38,650.0,20000
128,169,1085,1,120.62,219.9,6795.26,116.3,3500000,113.46,4,0,263.05,1,2,485.0,0,30.03,0,0,0,65.38,365.0,30000
39,48,1175,0,120.6,219.9,6795.26,116.3,650000,113.46,1,0,263.05,0,2,80.0,0,30.06,0,1,0,65.38,70.0,17500
97,146,336,0,113.63,671.0,12691.02,291.1,2250000,428.12,4,0,670.0,0,6,285.0,0,34.84,0,0,0,53.33,158.0,18300
131,143,539,0,113.77,671.0,12691.02,291.1,2740000,428.12,4,0,670.0,1,6,290.0,0,34.85,0,0,0,53.33,236.0,18000
58,113,658,1,113.7,671.0,12691.02,291.1,970000,428.12,3,0,670.0,0,6,113.0,1,34.73,0,0,1,53.33,64.0,9800
78,135,550,0,113.46,671.0,12691.02,291.1,700000,428.12,4,0,670.0,1,6,98.0,1,34.76,0,0,0,53.33,59.0,6900
91,233,528,1,113.66,671.0,12691.02,291.1,1980000,428.12,7,0,670.0,1,6,415.0,1,34.82,0,0,1,53.33,190.0,18500
75,118,610,0,113.64,671.0,12691.02,291.1,1030000,428.12,3,0,670.0,1,6,150.0,0,34.66,0,0,0,53.33,93.0,10500
86,106,295,0,113.88,671.0,12691.02,291.1,900000,428.12,3,0,670.0,0,6,95.0,0,34.69,0,0,0,53.33,85.0,7800
96,133,433,0,113.72,671.0,12691.02,291.1,750000,428.12,4,1,670.0,0,6,110.0,1,34.63,0,0,0,53.33,69.0,7300
111,146,497,1,113.72,671.0,12691.02,291.1,2100000,428.12,4,0,670.0,0,6,270.0,1,34.74,0,1,1,53.33,220.0,16000
65,138,441,0,114.23,1768.2,30664.85,906.0,5020000,1768.16,5,0,956.1,0,5,770.0,0,22.56,0,0,0,273.42,350.0,57500
85,93,175,1,113.86,1768.2,30664.85,906.0,5880000,1768.16,3,1,956.1,0,5,640.0,0,22.63,0,0,0,273.42,555.0,64300
73,158,435,0,114.13,1768.2,30664.85,906.0,6600000,1768.16,4,0,956.1,0,5,1218.0,1,22.58,0,0,0,273.42,670.0,79000
93,113,287,1,114.04,1768.2,30664.85,906.0,6090000,1768.16,3,0,956.1,0,5,740.0,0,22.65,0,0,0,273.42,609.0,65500
122,175,181,0,114.07,1768.2,30664.85,906.0,13030000,1768.16,4,1,956.1,0,5,2000.0,0,22.52,0,0,0,273.42,1250.0,112800
71,81,99,1,114.27,1768.2,30664.85,906.0,2400000,1768.16,3,1,956.1,0,5,280.0,0,22.69,0,0,0,273.42,240.0,38000
109,143,236,1,113.9,1768.2,30664.85,906.0,10000000,1768.16,4,0,956.1,0,5,1380.0,0,22.49,0,0,0,273.42,954.0,104300
33,77,1038,1,114.06,1768.2,30664.85,906.0,5000000,1768.16,4,0,956.1,0,5,351.0,0,22.72,0,1,0,273.42,166.0,45000
100,130,382,1,109.5,66.9,835.37,37.7,4600000,40.0,4,0,58.03,1,5,570.0,0,18.28,0,0,0,5.29,440.0,40000
104,109,535,0,109.54,66.9,835.37,37.7,3000000,40.0,3,0,58.03,0,5,315.0,0,18.31,0,0,0,5.29,300.0,30000
107,160,747,1,109.56,66.9,835.37,37.7,3200000,40.0,4,0,58.03,1,5,372.0,0,18.29,0,1,0,5.29,334.0,33000
82,209,779,0,109.74,66.9,835.37,37.7,3400000,40.0,4,0,58.03,0,5,595.0,0,18.41,0,1,0,5.29,340.0,30000
78,150,505,1,117.08,1373.0,15695.05,353.48,1400000,1165.4,3,0,1237.33,0,1,310.0,0,39.07,0,1,1,256.54,163.0,15000
84,164,627,1,117.08,1373.0,15695.05,353.48,2000000,1165.4,3,0,1237.33,0,1,480.0,0,39.14,0,0,0,256.54,165.0,23000
110,165,1694,1,117.0,1373.0,15695.05,353.48,2600000,1165.4,4,0,1237.33,0,1,299.0,1,39.17,0,1,0,256.54,260.0,26000
90,131,903,1,117.12,1373.0,15695.05,353.48,630000,1165.4,3,0,1237.33,1,1,104.0,1,38.88,0,0,0,256.54,65.0,7000
37,40,1895,0,117.39,1373.0,15695.05,353.48,400000,1165.4,1,0,1237.33,1,1,79.0,1,39.17,0,0,0,256.54,55.0,8880
62,79,813,1,117.37,1373.0,15695.05,353.48,600000,1165.4,2,0,1237.33,0,1,90.0,1,39.09,0,0,1,256.54,65.0,10400
45,68,3177,1,117.45,1373.0,15695.05,353.48,400000,1165.4,1,0,1237.33,0,1,68.0,1,39.17,0,1,0,256.54,40.0,7500
73,144,938,1,117.06,1373.0,15695.05,353.48,750000,1165.4,4,0,1237.33,0,1,105.0,1,39.35,0,1,0,256.54,75.0,10500
132,138,1996,0,117.2,1373.0,15695.05,353.48,4350000,1165.4,3,0,1237.33,0,1,455.0,1,39.05,0,1,1,256.54,435.0,31000
87,143,794,1,112.63,395.0,5121.61,103.0,1250000,311.8,3,0,340.0,1,1,146.88,0,37.86,0,0,0,65.5,94.0,10800
88,125,99,0,112.5,395.0,5121.61,103.0,1000000,311.8,3,0,340.0,1,1,120.0,1,37.8,0,0,0,65.5,87.0,9300
67,106,1645,0,112.62,395.0,5121.61,103.0,1000000,311.8,4,0,340.0,1,1,149.0,1,37.82,0,1,0,65.5,94.0,14500
166,306,2198,0,112.62,395.0,5121.61,103.0,2000000,311.8,6,0,340.0,1,1,260.0,1,37.87,0,0,0,65.5,200.0,8500
53,95,2296,0,112.56,395.0,5121.61,103.0,750000,311.8,2,0,340.0,0,1,150.0,1,37.89,0,1,0,65.5,75.0,14000
170,280,1182,1,112.56,395.0,5121.61,103.0,3000000,311.8,5,0,340.0,1,1,700.0,0,37.89,0,0,0,65.5,306.0,22000
156,298,3442,1,112.54,395.0,5121.61,103.0,2970000,311.8,4,0,340.0,1,1,500.0,1,37.79,0,0,0,65.5,254.0,14500
81,81,2856,0,112.59,395.0,5121.61,103.0,1000000,311.8,2,0,340.0,1,1,145.0,1,37.75,0,0,0,65.5,85.0,11000
118,172,476,1,120.31,281.5,14003.24,64.4,4500000,244.02,4,0,356.25,1,2,450.0,0,31.47,0,0,0,71.11,400.0,33000
99,143,44975,0,120.3,281.5,14003.24,64.4,3500000,244.02,4,1,356.25,0,2,475.0,0,31.48,0,0,0,71.11,310.0,31000
89,118,507,1,120.41,281.5,14003.24,64.4,1850000,244.02,4,0,356.25,1,2,280.0,0,31.59,0,0,0,71.11,189.0,20000
110,170,505,0,120.21,281.5,14003.24,64.4,2000000,244.02,3,0,356.25,0,2,350.0,0,31.61,0,0,0,71.11,185.0,17500
89,140,719,0,120.31,281.5,14003.24,64.4,2650000,244.02,4,0,356.25,1,2,335.0,0,31.65,0,0,0,71.11,220.0,24000
79,160,838,1,120.25,281.5,14003.24,64.4,1800000,244.02,4,0,356.25,1,2,280.0,0,31.62,0,1,0,71.11,168.0,18000
87,144,506,0,120.31,281.5,14003.24,64.4,3700000,244.02,4,0,356.25,0,2,410.0,0,31.59,0,0,1,71.11,365.0,28000
55,89,1631,0,120.31,281.5,14003.24,64.4,940000,244.02,1,0,356.25,0,2,115.0,0,31.49,0,0,1,71.11,71.5,11000
95,227,780,1,120.32,281.5,14003.24,64.4,3500000,244.02,4,0,356.25,1,2,481.0,0,31.54,0,0,0,71.11,210.0,24000
300,300,4459,1,120.32,281.5,14003.24,64.4,4800000,244.02,5,0,356.25,0,2,600.0,1,31.56,0,0,1,71.11,540.0,16000
88,170,1257,0,122.04,174.4,3463.93,20.5,1100000,85.2,5,0,197.39,1,2,220.0,0,37.47,0,0,0,38.34,100.0,11800
49,135,1583,0,122.13,174.4,3463.93,20.5,900000,85.2,3,0,197.39,0,2,135.0,1,37.45,0,1,0,38.34,70.0,9800
78,133,1436,0,121.94,174.4,3463.93,20.5,560000,85.2,3,0,197.39,0,2,82.0,1,37.46,0,1,0,38.34,47.0,7200
322,2841,2088,0,122.12,174.4,3463.93,20.5,2650000,85.2,7,0,197.39,0,2,3000.0,1,37.55,0,1,0,38.34,1400.0,12000
51,122,2058,0,122.13,174.4,3463.93,20.5,640000,85.2,3,0,197.39,0,2,97.0,1,37.41,0,1,0,38.34,87.0,7300
43,52,1770,0,122.09,174.4,3463.93,20.5,350000,85.2,1,0,197.39,0,2,45.0,0,37.55,0,1,0,38.34,35.0,8000
95,334,301,0,122.17,174.4,3463.93,20.5,3000000,85.2,6,0,197.39,0,2,568.0,1,37.45,0,1,0,38.34,133.0,16500
65,140,3396,0,122.22,174.4,3463.93,20.5,520000,85.2,4,0,197.39,0,2,109.0,1,37.39,0,1,0,38.34,70.0,8000
89,129,658,1,114.46,934.1,17716.76,542.8,1600000,702.61,4,0,885.11,0,6,240.0,1,30.43,0,1,1,48.12,152.0,16000
93,127,505,0,114.28,934.1,17716.76,542.8,2400000,702.61,3,0,885.11,0,6,355.0,0,30.63,0,0,0,48.12,235.0,25000
102,175,140,0,114.23,934.1,17716.76,542.8,2000000,702.61,5,0,885.11,0,6,400.0,1,30.57,0,0,0,48.12,198.0,19500
93,120,710,1,114.29,934.1,17716.76,542.8,1210000,702.61,4,0,885.11,0,6,150.0,0,30.42,0,1,0,48.12,121.0,12900
49,62,2057,1,114.39,934.1,17716.76,542.8,837000,702.61,1,0,885.11,0,6,126.15,1,30.64,1,0,0,48.12,66.15,13500
108,160,201,1,114.02,934.1,17716.76,542.8,1000000,702.61,4,0,885.11,0,6,165.0,1,30.58,0,1,1,48.12,100.0,9200
50,168,1558,0,114.29,934.1,17716.76,542.8,1250000,702.61,4,0,885.11,0,6,504.0,1,30.58,0,0,0,48.12,125.0,35000
114,163,1277,1,114.23,934.1,17716.76,542.8,1290000,702.61,5,0,885.11,0,6,180.0,1,30.73,0,1,1,48.12,125.0,11400
125,280,680,1,114.26,934.1,17716.76,542.8,3000000,702.61,4,0,885.11,0,6,880.0,0,30.52,0,0,1,48.12,300.0,25000
89,129,658,1,114.46,934.1,17716.76,542.8,1600000,702.61,4,0,885.11,0,6,240.0,1,30.43,0,1,1,48.12,152.0,16000
93,127,505,0,114.28,934.1,17716.76,542.8,2400000,702.61,3,0,885.11,0,6,355.0,0,30.63,0,0,0,48.12,235.0,25000
102,175,140,0,114.23,934.1,17716.76,542.8,2000000,702.61,5,0,885.11,0,6,400.0,1,30.57,0,0,0,48.12,198.0,19500
93,120,710,1,114.29,934.1,17716.76,542.8,1210000,702.61,4,0,885.11,0,6,150.0,0,30.42,0,1,0,48.12,121.0,12900
49,62,2057,1,114.39,934.1,17716.76,542.8,837000,702.61,1,0,885.11,0,6,126.15,1,30.64,1,0,0,48.12,66.15,13500
108,160,201,1,114.02,934.1,17716.76,542.8,1000000,702.61,4,0,885.11,0,6,165.0,1,30.58,0,1,1,48.12,100.0,9200
50,168,1558,0,114.29,934.1,17716.76,542.8,1250000,702.61,4,0,885.11,0,6,504.0,1,30.58,0,0,0,48.12,125.0,35000
114,163,1277,1,114.23,934.1,17716.76,542.8,1290000,702.61,5,0,885.11,0,6,180.0,1,30.73,0,1,1,48.12,125.0,11400
125,280,680,1,114.26,934.1,17716.76,542.8,3000000,702.61,4,0,885.11,0,6,880.0,0,30.52,0,0,1,48.12,300.0,25000
143,156,2939,0,109.53,10.4,36.76,0.5,2000000,4.16,3,0,16.2,0,5,256.0,0,18.77,0,1,0,0.01,196.0,20000
45,83,1608,0,110.84,59.6,308.73,9.3,990000,8.88,2,0,22.16,1,5,183.0,0,19.54,0,1,0,0.63,99.0,22000
46,84,2149,0,110.81,59.6,308.73,9.3,550000,8.88,2,0,22.16,0,5,100.0,0,19.56,0,1,0,0.63,56.0,11800
46,87,1851,0,110.81,59.6,308.73,9.3,740000,8.88,3,0,22.16,0,5,126.0,0,19.54,0,1,0,0.63,68.0,14500
56,115,1905,0,110.82,59.6,308.73,9.3,1000000,8.88,3,0,22.16,0,5,207.0,0,19.54,0,1,0,0.63,100.0,18000
39,71,1693,0,111.01,59.6,308.73,9.3,570000,8.88,2,0,22.16,0,5,79.0,0,19.79,0,1,0,0.63,55.0,12000
62,97,1284,0,111.0,59.6,308.73,9.3,810000,8.88,3,0,22.16,0,5,137.0,0,19.77,0,0,0,0.63,100.0,13000
64,85,1510,0,110.82,59.6,308.73,9.3,1040000,8.88,2,0,22.16,1,5,138.0,0,19.55,0,1,0,0.63,104.0,16000
87,113,3215,0,110.31,54.6,276.03,2.7,4470000,7.3,2,1,17.72,0,5,293.0,0,18.67,0,0,0,0.3,226.0,26000
201,206,3310,0,110.31,54.6,276.03,2.7,12000000,7.3,3,1,17.72,0,5,1236.0,0,18.67,0,0,0,0.3,1209.0,60000
57,106,2284,0,110.42,54.6,276.03,2.7,1150000,7.3,3,0,17.72,0,5,260.0,0,18.77,0,0,0,0.3,125.0,19000
42,89,1851,0,110.25,54.6,276.03,2.7,2000000,7.3,2,0,17.72,0,5,210.0,1,18.72,0,1,0,0.3,150.0,23000
108,119,220,0,117.19,346.4,8117.44,23.0,1500000,196.58,3,0,289.64,0,2,150.0,1,34.33,0,0,0,49.97,142.0,12700
109,140,105,0,117.21,346.4,8117.44,23.0,1900000,196.58,4,0,289.64,0,2,248.0,0,34.21,0,0,0,49.97,170.0,15960
115,172,387,0,117.32,346.4,8117.44,23.0,2400000,196.58,4,1,289.64,0,2,355.0,0,34.22,0,0,0,49.97,220.0,18500
84,309,738,0,117.38,346.4,8117.44,23.0,900000,196.58,4,0,289.64,0,2,210.0,0,34.37,0,1,0,49.97,71.0,8000
40,60,851,0,117.27,346.4,8117.44,23.0,400000,196.58,1,0,289.64,0,2,48.0,1,34.25,0,1,0,49.97,40.0,7000
99,140,416,0,117.09,346.4,8117.44,23.0,950000,196.58,4,0,289.64,0,2,105.0,1,34.29,1,1,0,49.97,87.0,9000
35,49,1420,0,117.18,346.4,8117.44,23.0,250000,196.58,1,0,289.64,0,2,84.0,1,34.28,0,0,1,49.97,27.0,7900
98,169,445,0,117.14,346.4,8117.44,23.0,1480000,196.58,4,0,289.64,0,2,150.0,0,34.19,0,1,0,49.97,128.0,12300
66,99,44975,0,118.25,282.8,7033.89,295.2,1782000,246.9,4,0,405.56,0,2,267.3,0,24.57,0,0,0,92.52,178.2,27000
68,95,111,0,118.05,282.8,7033.89,295.2,1900000,246.9,3,0,405.56,0,2,238.0,0,24.63,0,0,0,92.52,190.0,25000
64,89,121,0,118.28,282.8,7033.89,295.2,2000000,246.9,3,0,405.56,0,2,270.0,0,24.59,0,0,0,92.52,200.0,30000
81,154,950,1,117.99,282.8,7033.89,295.2,2350000,246.9,4,0,405.56,0,2,600.0,0,24.49,0,1,0,92.52,235.0,29000
49,96,447,0,118.15,282.8,7033.89,295.2,2400000,246.9,4,0,405.56,0,2,265.0,0,24.72,0,0,0,92.52,110.0,24000
60,100,625,0,118.33,282.8,7033.89,295.2,1510000,246.9,4,0,405.56,1,2,238.0,0,24.61,0,0,0,92.52,150.0,25000
82,118,2180,1,118.03,282.8,7033.89,295.2,2500000,246.9,3,0,405.56,0,2,289.0,1,24.59,0,0,0,92.52,280.0,25000
51,138,574,0,118.03,282.8,7033.89,295.2,1260000,246.9,3,0,405.56,0,2,317.0,1,24.59,0,0,0,92.52,130.0,26000
172,224,1874,1,118.19,282.8,7033.89,295.2,11000000,246.9,5,0,405.56,0,2,1500.0,1,24.48,0,0,1,92.52,1100.0,64000
120,145,622,0,113.94,125.8,3232.53,2.5,1540000,79.06,4,1,128.16,0,6,149.0,1,35.31,0,0,0,11.92,115.0,9600
107,137,931,0,114.05,125.8,3232.53,2.5,490000,79.06,4,0,128.16,0,6,80.0,1,35.3,0,0,0,11.92,52.0,4500
100,166,224,0,113.9,125.8,3232.53,2.5,900000,79.06,4,0,128.16,1,6,129.0,1,35.3,0,0,0,11.92,74.0,7500
101,179,399,0,113.91,125.8,3232.53,2.5,1100000,79.06,4,1,128.16,0,6,146.0,1,35.34,0,0,0,11.92,75.0,7800
380,415,1723,0,113.78,125.8,3232.53,2.5,4500000,79.06,5,0,128.16,1,6,520.0,1,35.03,0,1,0,11.92,456.0,11000
96,190,1631,0,113.71,125.8,3232.53,2.5,700000,79.06,4,0,128.16,1,6,144.0,1,35.0,0,1,0,11.92,55.0,6300
120,145,1421,0,113.75,125.8,3232.53,2.5,1020000,79.06,4,0,128.16,1,6,123.0,0,35.03,0,1,0,11.92,102.0,8500
157,177,1421,0,113.75,125.8,3232.53,2.5,2200000,79.06,4,0,128.16,1,6,320.0,1,35.03,0,0,0,11.92,175.0,15000
157,177,1421,0,113.75,125.8,3232.53,2.5,2200000,79.06,5,0,128.16,0,6,440.0,1,35.03,0,0,0,11.92,204.0,15000
527,660,2636,0,113.75,125.8,3232.53,2.5,7000000,79.06,9,0,128.16,1,6,1000.0,1,35.02,0,1,0,11.92,500.0,15000
41,56,1984,0,112.14,228.1,5309.43,0.5,580000,131.2,2,0,206.0,0,6,67.0,1,32.04,0,0,0,50.99,52.45,11500
108,137,1219,0,112.13,228.1,5309.43,0.5,1400000,131.2,4,0,206.0,1,6,130.0,0,32.1,0,1,0,50.99,110.0,10400
39,43,1390,0,112.14,228.1,5309.43,0.5,290000,131.2,2,0,206.0,1,6,32.0,1,32.08,0,0,0,50.99,29.0,7500
93,142,541,0,112.1,228.1,5309.43,0.5,750000,131.2,4,0,206.0,1,6,110.0,1,32.08,0,1,0,50.99,75.0,7200
95,167,1359,0,112.25,228.1,5309.43,0.5,760000,131.2,4,0,206.0,1,6,102.18,1,32.07,0,0,0,50.99,76.0,8000
98,144,798,0,112.16,228.1,5309.43,0.5,970000,131.2,4,0,206.0,1,6,138.0,1,32.08,0,0,0,50.99,101.0,9700
108,108,622,0,112.22,228.1,5309.43,0.5,400000,131.2,3,0,206.0,0,6,103.2,1,32.17,1,1,0,50.99,43.2,5500
105,121,1245,0,112.77,228.1,5309.43,0.5,700000,131.2,3,0,206.0,1,6,85.1,1,32.13,1,0,0,50.99,73.9,7000
93,184,512,0,112.12,228.1,5309.43,0.5,1050000,131.2,5,0,206.0,1,6,165.0,1,32.08,0,1,0,50.99,105.0,9500
98,130,1057,0,112.21,228.1,5309.43,0.5,550000,131.2,4,0,206.0,1,6,110.5,1,32.11,1,0,0,50.99,83.3,6500
89,143,140,0,108.99,957.5,10688.28,53.1,2490000,696.72,4,1,805.6,0,3,305.0,1,34.31,0,0,0,99.83,205.0,19500
117,143,147,0,108.81,957.5,10688.28,53.1,2300000,696.72,3,0,805.6,1,3,300.0,0,34.3,0,0,0,99.83,222.0,19800
170,215,812,0,108.91,957.5,10688.28,53.1,6600000,696.72,4,0,805.6,0,3,730.0,0,34.21,0,1,1,99.83,575.0,34000
89,163,566,0,109.09,957.5,10688.28,53.1,2000000,696.72,4,0,805.6,0,3,270.0,1,34.31,0,1,0,99.83,134.0,15000
310,380,870,1,108.9,957.5,10688.28,53.1,12400000,696.72,5,0,805.6,1,3,1300.0,1,34.22,0,0,0,99.83,1240.0,45000
35,100,1347,1,108.91,957.5,10688.28,53.1,950000,696.72,2,0,805.6,1,3,210.0,1,34.22,0,1,0,99.83,105.0,18500
84,140,769,0,108.96,957.5,10688.28,53.1,2100000,696.72,4,0,805.6,0,3,210.0,1,34.36,0,0,1,99.83,170.0,15771
98,128,262,0,108.96,97.5,2581.32,18.6,1080000,96.4,4,0,76.22,1,3,140.0,0,34.49,1,0,0,15.6,108.0,11000
99,143,778,0,108.79,97.5,2581.32,18.6,1800000,96.4,4,1,76.22,1,3,293.0,0,34.33,0,0,0,15.6,190.0,18000
89,137,658,0,108.71,97.5,2581.32,18.6,1400000,96.4,3,1,76.22,1,3,178.0,1,34.32,0,0,0,15.6,117.0,13000
129,223,1428,1,108.71,97.5,2581.32,18.6,3780000,96.4,5,0,76.22,1,3,438.0,1,34.32,0,0,0,15.6,378.0,17000
86,175,1175,0,108.74,97.5,2581.32,18.6,1160000,96.4,5,0,76.22,1,3,245.0,1,34.33,0,0,1,15.6,128.0,13000
149,248,1873,0,108.69,97.5,2581.32,18.6,3070000,96.4,5,0,76.22,1,3,410.0,1,34.32,1,1,0,15.6,255.0,16500
155,180,1675,0,108.65,97.5,2581.32,18.6,1890000,96.4,4,0,76.22,1,3,189.0,1,34.31,1,1,0,15.6,162.0,10500
201,255,1675,0,108.65,97.5,2581.32,18.6,4290000,96.4,6,0,76.22,1,3,529.0,1,34.31,1,1,0,15.6,460.0,19500
125,240,575,1,108.75,97.5,2581.32,18.6,3800000,96.4,4,0,76.22,1,3,669.0,0,34.32,0,0,0,15.6,390.0,23000
95,130,454,0,121.39,319.7,8711.75,66.13,1000000,186.88,4,0,397.7,0,2,155.0,1,37.48,0,0,0,89.61,100.0,10500
95,140,705,1,121.36,319.7,8711.75,66.13,1400000,186.88,4,0,397.7,1,2,196.0,0,37.49,0,0,0,89.61,143.0,14800
100,140,697,1,121.47,319.7,8711.75,66.13,1200000,186.88,4,0,397.7,0,2,168.0,1,37.45,0,0,0,89.61,120.0,11000
105,184,597,1,121.42,319.7,8711.75,66.13,2000000,186.88,9,0,397.7,1,2,285.0,1,37.47,0,0,0,89.61,213.0,14000
236,337,1175,1,121.39,319.7,8711.75,66.13,4870000,186.88,5,0,397.7,0,2,629.0,1,37.4,0,1,0,89.61,487.0,20000
95,148,688,1,121.41,319.7,8711.75,66.13,1050000,186.88,3,0,397.7,1,2,155.0,1,37.46,0,1,0,89.61,99.0,10500
170,1200,1693,1,121.41,319.7,8711.75,66.13,5000000,186.88,6,0,397.7,1,2,4060.0,1,37.48,0,1,0,89.61,4000.0,28000
271,385,3580,1,121.43,319.7,8711.75,66.13,6500000,186.88,4,0,397.7,1,2,760.0,1,37.53,0,0,0,89.61,700.0,24000
90,141,827,1,121.53,319.7,8711.75,66.13,920000,186.88,3,0,397.7,1,2,173.0,0,37.45,0,1,0,89.61,104.0,9600
93,141,1239,0,111.37,128.3,5022.69,21.4,810000,89.92,4,0,190.95,1,6,200.0,0,30.76,1,1,0,40.3,108.0,8000
76,140,1309,0,111.33,128.3,5022.69,21.4,1097100,89.92,4,0,190.95,0,6,150.7,1,30.73,0,1,0,40.3,102.0,10500
143,156,795,0,111.43,128.3,5022.69,21.4,1100000,89.92,4,0,190.95,0,6,167.0,1,30.4,1,0,0,40.3,107.0,7800
105,125,931,0,111.48,128.3,5022.69,21.4,600000,89.92,4,0,190.95,1,6,66.25,1,30.56,1,0,0,40.3,55.65,5300
90,257,196,0,115.04,154.9,1551.06,8.5,6750000000,90.78,4,0,101.8,0,1,309.65,1,40.63,1,1,0,3.71,67.58,7500
84,125,1023,0,114.84,154.9,1551.06,8.5,520000,90.78,3,0,101.8,0,1,61.0,1,40.79,1,0,0,3.71,43.0,5200
64,138,44975,0,115.64,154.9,1551.06,8.5,680000,90.78,3,0,101.8,0,1,120.0,0,40.29,0,0,0,3.71,56.0,8000
53,330,2270,0,115.44,154.9,1551.06,8.5,1600000,90.78,4,0,101.8,0,1,220.0,1,40.96,0,0,0,3.71,160.0,25000
246,576,44975,0,115.64,154.9,1551.06,8.5,4500000,90.78,6,0,101.8,0,1,1000.0,1,40.29,0,0,0,3.71,460.0,18000
81,129,1631,0,115.28,154.9,1551.06,8.5,700000,90.78,4,0,101.8,0,1,162.0,0,40.51,1,1,0,3.71,120.0,8200
200,249,1939,0,115.43,154.9,1551.06,8.5,3100000,90.78,4,0,101.8,0,1,400.0,0,40.26,1,0,0,3.71,310.0,14000
79,180,1274,0,114.9,154.9,1551.06,8.5,1200000,90.78,4,0,101.8,0,1,175.0,1,40.81,1,1,0,3.71,115.0,9000
88,117,1593,0,119.02,103.1,4763.42,19.9,1200000,79.3,4,0,147.29,1,2,176.0,1,32.12,0,1,0,53.2,120.0,12000
94,274,609,0,119.12,103.1,4763.42,19.9,1100000,79.3,5,0,147.29,1,2,238.0,0,32.02,0,1,0,53.2,78.0,9000
50,576,3031,0,119.33,103.1,4763.42,19.9,850000,79.3,6,0,147.29,1,2,1108.0,0,31.74,0,0,0,53.2,85.0,15000
75,125,1620,0,119.02,103.1,4763.42,19.9,1000000,79.3,4,0,147.29,1,2,216.0,1,31.82,1,1,0,53.2,156.0,8000
180,180,2944,0,119.03,103.1,4763.42,19.9,706000,79.3,4,0,147.29,1,2,130.6,1,31.81,1,1,0,53.2,70.6,8500
92,124,1784,0,119.05,103.1,4763.42,19.9,950000,79.3,3,0,147.29,1,2,120.0,1,32.13,0,1,0,53.2,90.0,10000
81,155,779,0,119.2,103.1,4763.42,19.9,850000,79.3,4,0,147.29,1,2,130.0,0,32.0,0,0,0,53.2,110.0,10500
103,180,719,0,119.21,103.1,4763.42,19.9,750000,79.3,4,0,147.29,1,2,170.0,1,31.96,0,1,0,53.2,90.0,7500
105,130,1754,0,117.56,213.1,5025.4,23.8,480000,90.8,3,0,121.29,0,2,108.0,1,25.06,1,0,0,21.66,48.0,5300
39,55,1694,0,117.83,213.1,5025.4,23.8,380000,90.8,1,0,121.29,0,2,50.0,0,24.59,0,0,0,21.66,38.0,9500
114,114,1693,0,117.83,213.1,5025.4,23.8,5200000,90.8,3,0,121.29,0,2,200.0,1,24.59,0,0,0,21.66,140.0,16500
62,112,2161,0,118.07,213.1,5025.4,23.8,990000,90.8,3,0,121.29,0,2,138.75,1,24.39,0,1,0,21.66,121.25,13000
91,117,2176,0,118.03,213.1,5025.4,23.8,990000,90.8,4,0,121.29,0,2,235.0,1,24.35,0,1,0,21.66,175.0,8999
65,65,44975,0,117.63,213.1,5025.4,23.8,1050000,90.8,1,0,121.29,0,2,165.0,1,24.57,0,0,0,21.66,105.0,16000
97,146,336,0,113.63,671.0,12691.02,291.1,2250000,428.12,4,0,670.0,0,6,285.0,0,34.84,0,0,0,53.33,158.0,18300
131,143,539,0,113.77,671.0,12691.02,291.1,2740000,428.12,4,0,670.0,1,6,290.0,0,34.85,0,0,0,53.33,236.0,18000
58,113,658,1,113.7,671.0,12691.02,291.1,970000,428.12,3,0,670.0,0,6,113.0,1,34.73,0,0,1,53.33,64.0,9800
78,135,550,0,113.46,671.0,12691.02,291.1,700000,428.12,4,0,670.0,1,6,98.0,1,34.76,0,0,0,53.33,59.0,6900
91,233,528,1,113.66,671.0,12691.02,291.1,1980000,428.12,7,0,670.0,1,6,415.0,1,34.82,0,0,1,53.33,190.0,18500
75,118,610,0,113.64,671.0,12691.02,291.1,1030000,428.12,3,0,670.0,1,6,150.0,0,34.66,0,0,0,53.33,93.0,10500
86,106,295,0,113.88,671.0,12691.02,291.1,900000,428.12,3,0,670.0,0,6,95.0,0,34.69,0,0,0,53.33,85.0,7800
96,133,433,0,113.72,671.0,12691.02,291.1,750000,428.12,4,1,670.0,0,6,110.0,1,34.63,0,0,0,53.33,69.0,7300
79,127,870,1,113.67,671.0,12691.02,291.1,1370000,428.12,3,0,670.0,1,6,175.0,1,34.71,0,0,0,53.33,120.0,13800
85,151,1023,1,113.82,671.0,12691.02,291.1,1850000,428.12,3,0,670.0,1,6,237.0,0,34.68,0,1,0,53.33,141.0,16000
82,110,1267,1,113.35,148.6,3882.0,211.1,1600000,123.35,4,0,152.85,0,5,215.0,0,22.18,0,1,0,103.02,160.0,17800
68,91,547,0,113.35,148.6,3882.0,211.1,1200000,123.35,3,0,152.85,0,5,160.0,0,22.06,0,0,0,103.02,120.0,18000
90,137,837,1,113.35,148.6,3882.0,211.1,1890000,123.35,5,0,152.85,0,5,274.0,0,22.14,0,0,0,103.02,183.0,20000
104,179,1227,1,113.62,148.6,3882.0,211.1,4800000,123.35,4,0,152.85,0,5,700.0,0,22.36,0,1,0,103.02,488.0,37000
194,346,2240,0,113.59,148.6,3882.0,211.1,14000000,123.35,5,0,152.85,0,5,1978.0,0,22.24,0,1,0,103.02,1100.0,66000
505,865,1723,0,113.61,148.6,3882.0,211.1,16990000,123.35,8,0,152.85,0,5,3749.0,1,22.36,0,1,0,103.02,1850.0,36000
59,300,1162,0,113.63,148.6,3882.0,211.1,6500000,123.35,4,0,152.85,0,5,1200.0,1,22.37,0,1,0,103.02,220.0,35000
128,235,1815,0,113.5,148.6,3882.0,211.1,4500000,123.35,4,0,152.85,0,5,750.0,0,22.22,0,1,0,103.02,570.0,30000
100,110,779,1,113.47,198.7,3566.17,279.9,1450000,79.85,3,0,192.01,1,5,160.0,1,22.56,0,0,0,38.54,145.0,14000
85,137,1503,0,113.37,198.7,3566.17,279.9,1770000,79.85,4,0,192.01,1,5,205.5,1,22.55,0,1,0,38.54,165.0,15000
76,141,510,1,113.36,198.7,3566.17,279.9,2000000,79.85,4,0,192.01,1,5,218.0,0,22.55,0,0,0,38.54,140.0,17500
89,154,1617,1,113.33,198.7,3566.17,279.9,864000,79.85,4,0,192.01,1,5,146.0,1,22.39,1,1,0,38.54,85.0,9500
82,143,525,1,113.55,198.7,3566.17,279.9,1350000,79.85,4,0,192.01,0,5,270.0,0,22.43,1,0,0,38.54,130.0,12500
91,128,809,1,113.46,198.7,3566.17,279.9,1230000,79.85,4,0,192.01,1,5,173.0,0,22.28,1,0,0,38.54,144.0,11500
76,200,1144,1,113.49,198.7,3566.17,279.9,1600000,79.85,6,0,192.01,1,5,280.0,0,22.25,1,0,0,38.54,158.0,15800
89,118,2180,1,113.5,198.7,3566.17,279.9,1700000,79.85,4,0,192.01,1,5,200.0,0,22.26,1,0,0,38.54,170.0,18600
93,174,2559,0,113.46,198.7,3566.17,279.9,1300000,79.85,3,0,192.01,1,5,226.0,1,22.37,1,0,0,38.54,120.0,12000
